-- phpMyAdmin SQL Dump
-- version 4.8.4
-- https://www.phpmyadmin.net/
--
-- Host: 127.0.0.1
-- Generation Time: Mar 18, 2019 at 10:57 PM
-- Server version: 10.1.37-MariaDB
-- PHP Version: 7.3.1

SET SQL_MODE = "NO_AUTO_VALUE_ON_ZERO";
SET AUTOCOMMIT = 0;
START TRANSACTION;
SET time_zone = "+00:00";


/*!40101 SET @OLD_CHARACTER_SET_CLIENT=@@CHARACTER_SET_CLIENT */;
/*!40101 SET @OLD_CHARACTER_SET_RESULTS=@@CHARACTER_SET_RESULTS */;
/*!40101 SET @OLD_COLLATION_CONNECTION=@@COLLATION_CONNECTION */;
/*!40101 SET NAMES utf8mb4 */;

--
-- Database: `ris`
--

-- --------------------------------------------------------

--
-- Table structure for table `address`
--

CREATE TABLE `address` (
  `address_id` int(30) NOT NULL,
  `street_name` varchar(30) NOT NULL,
  `city` varchar(30) NOT NULL,
  `zip` int(6) NOT NULL,
  `state` varchar(30) NOT NULL
) ENGINE=InnoDB DEFAULT CHARSET=latin1;

--
-- Dumping data for table `address`
--

INSERT INTO `address` (`address_id`, `street_name`, `city`, `zip`, `state`) VALUES
(1, '1234 Main Street', 'Dahlonega', 30533, 'Georgia'),
(2, '34 Dahlonega Circle', 'Dahlonega', 30533, 'Georgia'),
(3, '56 Chukker Street', 'Cumming', 30533, 'Georgia'),
(7, '1600 Pennsylvania Ave NW', 'Washington', 20500, 'District of Colombia'),
(8, '107 S Coast Hwy', 'Laguna Beach', 92651, 'California'),
(9, '12345 Make It Up Road', 'Gainesville', 30501, 'Georgia'),
(10, '123456 Make Believe Lane', 'Gainesville', 30501, 'Georgia'),
(11, '123456789 This is silly Road', 'Gainesville', 30501, 'Georgia'),
(12, '5th Time Street', 'Winder', 30680, 'Georgia'),
(13, '5th Time Street', 'Winder', 30680, 'Georgia'),
(14, '4312312 Yahoo Lane', 'Yahoo', 30569, 'California'),
(15, 'MakeBlie rd', 'Dahlonega', 30504, 'Georgia'),
(16, 'Anotha 1', 'Anotha', 30504, 'One'),
(17, '12345 Made Up village Avenue', 'Gainesville', 30501, 'Georgia'),
(18, '12345 Made Up village Avenue', 'Gainesville', 30501, 'Georgia'),
(19, '12345 Testing Lane', 'Gainesville', 30504, 'Florida'),
(20, 'This Closes Avenue', 'Dahlonega', 123567, 'Georgia'),
(21, '123567 Jojo Lane', 'Winder', 30680, 'Georgia'),
(22, '123567 Adventure Lane', 'Winder', 30680, 'Georiga');

-- --------------------------------------------------------

--
-- Table structure for table `appointments`
--

CREATE TABLE `appointments` (
  `appointment_id` int(11) NOT NULL,
  `patient_id` int(11) NOT NULL,
  `appointment_date` date NOT NULL,
  `appointment_time` time NOT NULL,
  `patient_sign_in_time` time DEFAULT NULL,
  `patient_sign_out_time` time DEFAULT NULL,
  `patient_status` enum('Signed In','Signed Out','Billed','Paid','Not Signed In') NOT NULL DEFAULT 'Not Signed In',
  `patient_confirmation` bit(1) NOT NULL DEFAULT b'0',
  `procedure_id` int(11) NOT NULL,
  `machine_id` int(11) NOT NULL,
  `employee_id` int(11) NOT NULL,
  `reason_for_referral` varchar(20) DEFAULT NULL,
  `special_comments` varchar(20) DEFAULT NULL
) ENGINE=InnoDB DEFAULT CHARSET=latin1;

--
-- Dumping data for table `appointments`
--

INSERT INTO `appointments` (`appointment_id`, `patient_id`, `appointment_date`, `appointment_time`, `patient_sign_in_time`, `patient_sign_out_time`, `patient_status`, `patient_confirmation`, `procedure_id`, `machine_id`, `employee_id`, `reason_for_referral`, `special_comments`) VALUES
(1, 47284, '2019-05-08', '08:30:00', '10:14:00', '10:16:20', 'Signed Out', b'0', 1, 2, 45626, 'Patient feels funny', 'Patient has a tattoo'),
(2, 3526, '2019-03-21', '12:00:00', '10:20:00', '10:20:21', 'Signed Out', b'0', 1, 1, 45626, 'Testing', 'This is a test appoi'),
(5, 3526, '2019-03-13', '08:00:00', '10:18:00', '10:18:34', 'Signed Out', b'0', 1, 1, 52546, '', ''),
(7, 18603, '2019-03-13', '10:00:00', '10:08:00', '10:16:51', 'Signed Out', b'0', 2, 2, 45626, '', ''),
(8, 47284, '2019-03-13', '06:00:00', '10:30:00', '10:31:01', 'Signed Out', b'0', 1, 1, 52546, '', ''),
(9, 47284, '2019-03-13', '06:00:00', NULL, NULL, 'Not Signed In', b'0', 1, 1, 45626, '', ''),
(10, 47284, '2019-03-14', '12:00:00', NULL, NULL, 'Not Signed In', b'0', 2, 2, 12442, NULL, NULL),
(11, 3526, '2019-03-14', '15:00:00', '10:24:14', NULL, 'Signed In', b'0', 2, 2, 12442, NULL, NULL),
(12, 3526, '2019-03-14', '11:00:00', NULL, NULL, 'Not Signed In', b'0', 1, 1, 12442, NULL, NULL),
(13, 18603, '2019-03-14', '18:00:00', '10:21:00', '10:21:29', 'Signed Out', b'0', 1, 1, 12442, NULL, NULL),
(14, 18603, '2019-03-13', '11:00:00', '10:28:00', '10:29:18', 'Signed Out', b'0', 2, 2, 52546, NULL, NULL),
(15, 18603, '2019-03-13', '06:00:00', '10:45:00', '10:47:34', 'Signed Out', b'0', 1, 1, 54382, NULL, NULL),
(16, 12345, '2019-03-13', '10:00:00', '10:21:00', '10:30:39', 'Signed Out', b'0', 1, 1, 52546, NULL, NULL),
(19, 18603, '2019-03-13', '13:00:00', NULL, NULL, 'Not Signed In', b'0', 1, 1, 52546, NULL, NULL),
(20, 12345, '2019-03-14', '09:00:00', '10:08:48', '10:18:48', 'Signed Out', b'0', 2, 2, 12442, NULL, NULL),
(21, 18603, '2019-03-13', '15:00:00', '11:15:00', '11:29:42', 'Signed Out', b'0', 1, 1, 52546, NULL, NULL),
(22, 47284, '2019-03-15', '08:00:00', NULL, NULL, 'Not Signed In', b'0', 1, 1, 45626, NULL, NULL),
(23, 47284, '2019-03-15', '09:00:00', NULL, NULL, 'Not Signed In', b'0', 2, 2, 45626, NULL, NULL),
(24, 47284, '2019-03-15', '12:00:00', NULL, NULL, 'Not Signed In', b'0', 3, 3, 45626, NULL, NULL);

-- --------------------------------------------------------

--
-- Table structure for table `billing`
--

CREATE TABLE `billing` (
  `billing_id` int(11) NOT NULL,
  `appointment_id` int(11) NOT NULL,
  `item_id` int(11) NOT NULL
) ENGINE=InnoDB DEFAULT CHARSET=latin1;

--
-- Dumping data for table `billing`
--

INSERT INTO `billing` (`billing_id`, `appointment_id`, `item_id`) VALUES
(1, 1, 1),
(2, 1, 1),
(3, 1, 1);

-- --------------------------------------------------------

--
-- Table structure for table `employees`
--

CREATE TABLE `employees` (
  `employee_id` int(11) NOT NULL,
  `first_name` varchar(20) NOT NULL,
  `last_name` varchar(20) NOT NULL,
  `available` varchar(10) NOT NULL,
  `email` varchar(20) NOT NULL
) ENGINE=InnoDB DEFAULT CHARSET=latin1;

--
-- Dumping data for table `employees`
--

INSERT INTO `employees` (`employee_id`, `first_name`, `last_name`, `available`, `email`) VALUES
(12442, 'Alexander', 'Cromer', 'True', 'cromeralec@gmail.com'),
(43552, 'John', 'Cena', 'False', 'johncena@gmail.com'),
(45626, 'Chris', 'Pratt', 'False', 'chrispratt@gmail.com'),
(52546, 'Bradley', 'Cooper', 'False', 'bradleycooper@gmail.'),
(54382, 'Matthew', 'Johnson', 'True', 'mattJohnson@ung.edu');

-- --------------------------------------------------------

--
-- Table structure for table `employee_schedule`
--

CREATE TABLE `employee_schedule` (
  `schedule_id` int(11) NOT NULL,
  `employee_id` int(11) NOT NULL,
  `start_time` datetime NOT NULL,
  `end_time` datetime NOT NULL
) ENGINE=InnoDB DEFAULT CHARSET=latin1;

--
-- Dumping data for table `employee_schedule`
--

INSERT INTO `employee_schedule` (`schedule_id`, `employee_id`, `start_time`, `end_time`) VALUES
(1, 12442, '2019-03-14 08:00:00', '2019-03-14 17:00:00'),
(2, 12442, '2019-03-26 08:00:00', '2019-03-26 17:00:00'),
(3, 45626, '2019-03-15 08:00:00', '2019-03-15 17:00:00'),
(4, 45626, '2019-03-12 08:00:00', '2019-03-12 17:00:00'),
(5, 52546, '2019-03-13 06:00:00', '2019-03-13 17:00:00'),
(6, 54382, '2019-03-13 05:00:00', '2019-03-13 15:00:00');

-- --------------------------------------------------------

--
-- Table structure for table `image`
--

CREATE TABLE `image` (
  `image_id` int(11) NOT NULL,
  `imagedata` blob NOT NULL,
  `machine_id` int(11) NOT NULL,
  `patient_id` int(11) NOT NULL,
  `exam_date` date NOT NULL,
  `employee_id` int(11) NOT NULL
) ENGINE=InnoDB DEFAULT CHARSET=latin1;

--
-- Dumping data for table `image`
--

INSERT INTO `image` (`image_id`, `imagedata`, `machine_id`, `patient_id`, `exam_date`, `employee_id`) VALUES
(1, 0xffd8ffe000104a46494600010101012c012c0000ffdb0043000503040404030504040405050506070c08070707070f0b0b090c110f1212110f111113161c1713141a1511111821181a1d1d1f1f1f13172224221e241c1e1f1effdb0043010505050706070e08080e1e1411141e1e1e1e1e1e1e1e1e1e1e1e1e1e1e1e1e1e1e1e1e1e1e1e1e1e1e1e1e1e1e1e1e1e1e1e1e1e1e1e1e1e1e1e1e1e1e1e1e1effc00011080241025c03012200021101031101ffc4001f0000010501010101010100000000000000000102030405060708090a0bffc400b5100002010303020403050504040000017d01020300041105122131410613516107227114328191a1082342b1c11552d1f02433627282090a161718191a25262728292a3435363738393a434445464748494a535455565758595a636465666768696a737475767778797a838485868788898a92939495969798999aa2a3a4a5a6a7a8a9aab2b3b4b5b6b7b8b9bac2c3c4c5c6c7c8c9cad2d3d4d5d6d7d8d9dae1e2e3e4e5e6e7e8e9eaf1f2f3f4f5f6f7f8f9faffc4001f0100030101010101010101010000000000000102030405060708090a0bffc400b51100020102040403040705040400010277000102031104052131061241510761711322328108144291a1b1c109233352f0156272d10a162434e125f11718191a262728292a35363738393a434445464748494a535455565758595a636465666768696a737475767778797a82838485868788898a92939495969798999aa2a3a4a5a6a7a8a9aab2b3b4b5b6b7b8b9bac2c3c4c5c6c7c8c9cad2d3d4d5d6d7d8d9dae2e3e4e5e6e7e8e9eaf2f3f4f5f6f7f8f9faffda000c03010002110311003f00f96962a708fdaad2c7ed4f584fa54815047ed4f58fd8d5d580639073522c3ed40144424d48908157045ed4f117b1a00aab153d62ab4b17b53d63f6a00aa22cd48b17b55948f8a9563f6a00ae917b54ab1f3d2a748bda9ec02d0043b3029a47a54b8278a72c79e28019147939e6acc71e2a48a2c76353a47ed4863234ab489c522a62a68c5031360029caa053c0c9a9123ee68023029ddea42b8a45524d00205a9a25ce38a554e99a9a35e8074a0092251c5588f82053231806a545c60fbd2604e831f5a91698a0139cd483e94807a54f0659b02a1806e902f6cf35a90c1180086c73400e8d3001e0d695945b86768150431c7d090055c52aab807a5003668c293d6b3751f9623ef57ae64c8acad519c47c74f6a00a1d1fa1fe952a44b95248c1ed9e954da4754dc4673556e2f6e9633b2350a0f7e4d006b4ce0fc80e00e94eb4255c1e95ce8d42476f9947e15a763701c8f987d2803b1b2910c43711d292ea257c94fc6a95b4a0411e31d2ac99f62124e47a50054963c75eb599a8c22439190d5a523b3926a096367e9c7a9a00c1391c1a558ddf3807ea6aecb1411c87f8cfb9a8ddf8c0c714014e4809e33d2a9ccad1bed61835a5bf69e9553517f31d001ce39a680a12119a858d589207fe1c13e80d5690303c8229811ca01155244f4ab4ec318ef519c1a00aa54914c6f73561d6a0714015e45a882e3835699411d6a361df1401114c8a89e302adaf34d78fda8028b47ed5134757da3e29863f6a77158cd64c76a6ec07b1157e4873daab98f0d8a04557888351ecc1ef5a063c8a88c47d2802bae7bf34edaa6a5f2e93650044630698d17b559d9405a00a661e7a51e4d5dda3d2908028028bc3ed55e58c0cd69c88081839c8e47a55778bad0067ae41c11c575ff0ef5cd1f49b89ac75ed2a1bbd3af06c964cb078c1c7231ee076ae69a2e69d1260ed3d2803eb8f8703418bc316f6fe1dbffb658a6e68c1915d932c58a9c74c67183cd713f15afb41d7f4eb8bbd33568ec7c47a14dbe349584721da7046d6c120862463af15e35e17d6755f0e6a31ea1a4dc18e453cab0cab0ee08ab1e35d727f146b4756b8b486da778d524f272039000c9c93e94ac3b8df13f8fbc55e22d2d74dd4ef835b7cbbd5131bc8e99ae5445ed57bc820f434be5a8e0e2988120f6a7ac5ed5a3e40cf434791cf4345c2c50117b53d62f6ab9e50cd3962e68b8ec53f2bda9447ed57bcaa3caa2e162a08e9e22e7bd580a052e38e052b8588961a785029e14e69de5e064d00464e0714cd9b9bbd4c1734e0b819140c66cc0e054b0c5939229e14b1e956628f1eb4008916053d63a9a353e94fdbed401084a99138a15454a062801a13da9f83e94e8c13938a7aae4d0045b49a911302a4dbcd3954934008173d3a54c8a00a4c0038a5881638a009547ad4d0c6d27031c52f90db7afe753e9ea55d837a5480c48b0f8c93538824ce4296fa538e01e94f8e4600e0d002db864946f42bf515a51f62391545253c6483cd5b82407ad004acdc75a92390e304d22989f82403f5a952d83f2ad4010cf26d5ce7359f7d2ee87038ada5b25230e49150dd595b470b12dcfd68039a8a192694222b364fa56fa6816cf6c8b7333472b0e991515b3450dc26d755f9875ab1aadc0fb563cd1d01fd28039fbef0e8866648e627078ce391490699711b2e013f856acb32cb1e7765871c7a536d67218283c0a00b76b653a40b9eb8ce2a47866c720015a3661e44539e31d692f21257e4e4f7a00cb6d919cbf26a0b9b82ca54600152dcc4c396e0f6aa12ab0273401525cefc9a8d9863d2a67563f5a68b566fbcd8140159cf1c5569158b6ec735ade4c48b8c1355ae61dae3683834014181dd9e8689a3de9f30cd68a583b80714e7d35f1d4e2981cd5d5aba9e0122aa36e53820d758da6b752d50c9a546fc16145c0e6873ce298e95b93e85228dd0be7daa8cb6170a70d19a6065943e94d087d2afbc0ebf79187e151347dc5005355c1e95314caf4a93cadc338352c51e0734014cc471922a329ea2b45d33daa331fb5005131e7b541342719c569f963d29924608e94019057d29a54fa55d9a1da7207151103a628b8ac552983c8a368c74ab462763f2a31fa0a72e9f72e7889bf1a770b14197d2936fad6b268d70df7b8fc2a74d0588f999e8b8ac60b7b5308cd74cba0460fce5cd4a341b71fc0c7ea68b8ec724569ac87d0d764ba3dbaf1b3f5a53a640a3ee8fce8b858e2c44e4fca8c7f0a7ad9cedd2190ffc04d764b63003c002acc76f12e3a5170b1c9d9e9f7670a606c76cd5e5d0af64fbb11fcc57511a44146013530bc312ed8d01c742695c0e53fe11cbe3c150a7de9ebe14948cbdca027b62b726b89e563b8903d8543b9ffbc68d42c620404f069c2119a69603a52095874a0638c4b9c9a6ed51d39a0316ebc53829f4a008cf5a691c54de564f4a43137bd00438a4c54e6134e109f4a008956948cf15379471d0d2888fa50040a9ed5208f8a99626a996127b50047047e9cd5a488e391524316d1d2acac79e6802ba27b523a1073daaeac27d29c6004608a00a08b96e2a4dbce2a568f613c52c6b96a00107cb8a9153da9db0034fe829011ec3b8529c2e69588038a6c50cb33623466fa0a006e49abd630b2a9765e4f4f6a9ed74a97ef346d9ad04b2980c04e28033f6b1c93cd28dc0f0318ad15b197fe799fce9b25a3a9e9cd2028b3f3d6955cfaf5ab71db4724811b83537d862fe13fad00524639e6acc4fc8a57b4c64743f5a6886646188cb0f5a00b51a9761835ad611ba6370241aa9a4dbcd713c504704934ced848e352ccc7d001d6b52068cb6c395753820f6340136d8d97078e2b23524003004e33eb5a5338048cedacdbd20c6fcf3eb40189292b3640c8069f7444e16656c9dbb587a5417126d738619156fc35637daeeb11e95a4c22eaf250c561460090064f538e80d005740562e0106a5b461bc6f23155e5bab62db52e109f4cd496c4798a4b71401d35b4be5a228e857a9ab31a8da589047d6b3518baa6de98eb5695b6c5827a50032f161c12dcb7a66b12fcede5477abf2b1662c4f39e2a09e1fdd86653c74a00cd4460dbe53f414acc41cd4ec83ab1fc2904687a9fd68023854cad8c1a99add073275ec2a688054fdd81bbdea27594e77605002aed0303b53865b23355e5920806e927407d3354a4d76d60276b231f73401a3245211f74d5678d87553f95565f13da9e0b20fc0d4cbae5abf753f81a004d8e0f00d298c3fdf07f2a996fece4eac3f5a944d66ff00c7fad0064dc5b8e85372fad52974f81c12995fc6ba311c0df7581f6cd579ecd4e4c6707d33401cbc9632c7d149155c020e08c57472248a70e871f4a81b4ff3fa44c0fe54ee062eda5f2c9e71c56bff00634e3ef038a9a2d3231f78b37e345c0c21093c0527e829e34f99fa46c0574b1db428388f9a95517a600a2e0730344671f3e69c9a24487953f9d752f6e0206193eb55648ceee84d1703252ca1438c5298917a25698b666ebc7d691acc01ce4d20334903a28a0798c78181f4ad35b44a7ac110ea69819d1c04e0f279a97ecfc13b4fe357711a918205219e04e1a58d7ea4520289b2661c0fc285d38f05f3569f52b3418f394fd39a864d66db3c64fbe0d301bfd9d193d0fe749fd9e808c03d7d691f558db918155e5d571f7704fd2802e359fcb8e9519b1c0e6403eb59f2ea776ff74851f4a89aeaee41f3484fe1401a82ce019df2ae3d734793a7af06e067d8d6233cc4f2d484cbfe4500563a4ce1b9a69d32e79c464fd2bb7fb28cf294a2d0671b68b81c2ff675d2f585cfd2a45b695461a2703dd6bb8164bfdda536298e57f3a2e071023c9e869445cf4aec8e9d01fe05a6b68f6ae32531f4345c0e484231d28f280e95d349e1f07fd5487e84d539b45bb8b2426efa50062f97cd3845d88abcf693a1f9a171f8537c9607946a605558aad416ef23048d4b1f6a9adad6496508884935d14169159c3b957247527b9a40644d60b08c02c580f9beb51aa76c62b4263852c7a9e955c2d2018b1fb50531daa750314c6a00ab2a83514487d2ac49ec29d0c2ee70aa4d30235439e952c76d34a7e443f5ad0b6b245c19396fad6a5b5b6064ae3d2901956ba3a9f9ae09c7a66b5218ade05c4718a9d61924fbaa7152a59ff7b8fc6802b82edffd615661127a67f0a98456f172cc3f134c9b51b48bfe5aa0fc6801db5b1c8c557901cf350beb56c0901d4d33fb52da5700ba814013a4513372bf31ee29d25a7cbba3278f7a22689c82b2a9fc6ac6d91791c8a00ce6465ce7a8a7c5b8f156ae141193c1c55708e9f3291401e89f01d2c078feccdd2dd7daf6c9f6531edf2f7796fbb7e79c6dce31df153685e19f0ceb5acebf3c377aadb69d616ff695797cb32e41fde640183d0e318ed58df06b528ad7e24690f7b2c7045ba553239c005a270bcfb9207e35d1f87e17d0ff00e136d3b5496de29ffb359936caa4386248da7bf1daa908ca82c7c177da9dc5d36a1a8d86936d6eae6198a1ba9e4c91b63c7cbe9d7f97435df0e786353f01ea7e23f0d3eab6f269ac82682f76b2b866032a5475e7f4e95a9f09bec52c1ab35a8d3df5d5890e9e2f31b3a9dfb73c6ec631fe19ae975ab8d46e3e1ef88f4ef10eb76375a8b448cb690ba7ee2356071f28033c1e067181eb4203c90786bc1fa0f8634cd6bc6f71ac4f73aba196dacb4dd8a63841e1dd9fd78c018ebf5c6b7c27d0b43d1be3e68a7c37aea6b1a65d58cb711396532c3ba27cc7281d1c75e83af4e2b53c43a02f8fbc35e1f9344bab16bdd32c16c2ead26b858dd0270ae377507d7ffaf85f877a2786bc29f16f44b6b2d5e3b9b88ace5fed09ccaa60498c6d9446c0c81ef9fcf22840725a1f82bc01e20b5d5b48f0f6a3af3ebda659c9729757291adadd98f0182a8f995493c64e7073ce314cf04f8574b87c271f8a7c52faabda5c4ed0595969d1a99a62bf79cb370a80f1eb9fd763e072d9daebba94924891eed22e10176001276f1cf7aebbc09ac6a379f0f2cf43f0ceb30e9bab69b349bada5744fb4c4ec5b2a586320b631c7bf6a370393f1278734f8bc3b6de23f0d3ea074e926fb34f6d7f1859ede4c64648e0a91dff00af4d9b4d17c031ddda68d757dac6a577384592eec760811dbb282371c679ebfd2b43c6573ac47a35a59789bc4e9777135ca9974f802398e31cef675e87d077fcebabd4a7d4f4ebe864d1b54d0f48f0a208dbcf88c7b9a3c0dc390599cf3d3af1cf5a2c078d78e345b7f0b7896fb4979fcffb3b28572305959430c8f5c115cade5e997e58d7815db7c7202ebe25ea53c12c72dbccb0bc7246c195879283823dc1ae363b7555cedfae69302a4685b96249a940393c7d29259628b396031dab0b58d7842ac96eea5b3d719a43352fafedac9099255dde99ae6352f13ccee562200078e2b0afef66b872d2499e7359b2cbb79269d846b5ceab7139c3c98aa66e0e4e5ab31a7666e0e4d2a8b977f92276cffb34ec1734ccbef53437ad19c6ec8aa96f637ce398f68f7c55e8b4b71feb4feb401a36b7a5c7cad9ad1864b863f283f9567d95aa42dc11f9d6d431b85c82bf852193db19b1876c568c3860373e6b3d4482a54f301c818a406c21b76e19403ef4f10c473e5f06b2e395b2372922ad4721ea8df850058c1ced907151cb6a0f31d5b86449176c800a91e208a590ee140190627071839a04647278ad198c6c9c900e2b1af6e842d8624fa71401a96c6361b4f3eab4cba8d554bc603281c9f4ae724d4670e1a23b31dc8ad1d36f8dd12aee166feef671400c9ef6143cbae6aa4daa8fe05dd57eeb4b8a6532c0a41c7cc99ac7b9d3e5424a0271da980c9754ba3f75140fa55737f7ac71e601f45148caca76b02a7dc5215ef4c06b4b70c7e6918d3704f2cc4fe35201cf4a7050680202bed4d2b56b67149e50a00ae129eb1e48e2a648fb54c9173d2802b795c7229429ce00aba96aefd88ab51da22f38dc7eb4ae06625abb90429ab51d8aec19639abe102af1d680a7d28b81d41d3edc8ca96fcea36b020fca7f3acb83509d48058d581aacc381cfd45202cbd9c839001fa531addfb822a01aadc7754fca9d1eaad9f9e3047b0a00945ae3a8351cf115fe12454a35380fdeca9fa5482e2de5fbb20fc68029c6e07ad4c2543c32d58f2d1ba053f4a05948e7e541f9d005768ada4ea00fad47fd991ca711c618fb56a43a6f399323d81ad3b3b2da3e542a3f534018f6ba2c500f910f98c30c73d3d853759b458912353f77a8f7ae8ae6486c22f365c193a2275c7d6b9c9e592672f2e189393401813dbcecdf772074c542d148bd51bf2ae842a63918a468236f43401ce60f42314d607b5740f648dd23069f168c87e66523f1a00c0b7b4694e5c102b452258d711ae4d689b16fbb18e2a6b7b0f2be661b8d0041636523fcf2ae07bd5f3e444bc9cd457124c170a38159d34ec38c313f4a00bf3de85e170a3e9542e75260a4071d2a9cf339ea09fc2b23519266e178e2802c5f6b0d9dab264e2b225bc766f99f26abba81f79ce6a2654ebbf07eb4c0b7f691ce5a8fb500786aa8b146c37197f5a788233c2c8726981721d4ee237011f8f7ad3b5f105d2615d815fa5617d95b002ab37bd385a5c71b41fce901d547ab0b8182e3353add95c60e6b9ed3ed5f6ee762ad9ef5794cb16377cc9eb480db8e68e5049207ad4d14224c796c18e7a035976e508054e41a9a091e2b85dac473401d15ac12220520d5d8d0184ac9deaad85cb3ed593a9e01ab8e06c3b7afad0073da9c4565618e01e2a8140fed5b1a902771eb59b16038c8fad005ed395228559f9c9c0a96ee201f72f0339151ca36c0857953c8a9677dd0c2338e05005bb2c617e9533a6f2770cf355a262a8a07e75379c55793c50054be8e38816e849ac4bdbad88769ea6adea5725a77566e3b5606a33630339cb50066ea7732b6514900f53dcd614b6ad33f2c40cf526b7efadf331e4eded59f3c44fca829819971a646576c5365beb5513452e374b210b9f5adc8d163e4f2d4f78c483e5e3b914c465c5a6d95b8042ee3ea4e6a567862188e319cfa5596b738e7000ef9aaf70b020cefe7bd031bf6897b000fd2a48e57272d559aea151902906a11f64c9fa5005f0c3ae4e7deb56c9dcc639ac0fb5ab1e53915b7a74e8100c60d2034033d4f1487ad547ba89064fe550b6a70203970bed480d9596265e700d0d2c6bca9c573cdaac05be57fd0d37ed9bcf130607b669d80de17e01c798091e95343aa4ca769c007d4573c81b76e5fc79abd6b3646d940c7f2a00d8957ce1be3639f4cd5728b2829320c9a9acf007cad9f4a9a5855ce48c1fe7480c2bcb230b700953d0d578c34722c8870ca720d741b038f2df9cd665ddb1864c11c76a00d7b398ca826888c8fbc2adbda5bde2e41114dfa1ac2d3a7681f03953d456b2dd42f8dafb0fa1a00ced4749b88b265b7247f794647e9596f6899e32bed5d5adf5cc7f2b11247e84034d63a75c9fdec22363c71902803917b5914f0322a3d8c0e08e7d315d83699091ba10ae3b61aaadc58aab10d0e3de9dc0e716263db19a912df26b5a4b3c1ca0fcea0685d7f87145c086decf73801724d6c41a42055f31b693db34ed0e02f2172bf7456b470b3bf4271480ce7d36355ca838fad51b8b774e5178ef5d41819930178a89eda01feb1811e83ad00729b1c9da0648a942281867c1f4adabb86d0e762ec3df19aa260b707ee31fc4d0031ace41d006fa1a436d201928696169338dc6a7fde632589fc6802a981ff00bbcfd6810367a62a7018b9e4d3d558f5e6802bf904e338a7ada37dee40ab0b1316e4600156628ddb091ab367f1a008218658feeb9c63a9357619e51854059bdab42d74a9a4c34fb6141ea7ad492dde95a6a958144b3742719a009acadd953cdbc7112f519345c6b76710296cea48efd6b99d4f54bbbc6219caa7a0e2b34838c0273401bd35cfdaa42cef900e4546507635911bcd1f018d4e97520fbc33401a1b09ea28109278ce6a3b7bb562077fa56b5b246abb8e3268019040235cbf5a942bb741f2d4cb187393d2993305e075f41400d251471c55796753c0e9ed4c94b7f135576755071cd003df749918c0a8da181725c826a26b963f77233504be63725a800bc92de31c28fcab0ae1d656248c7e157afda354e5b26b2a5951680207b788b723f4a5fb2407a4629af7433f2a0fc6a392f5f6e1703f0a6049f648471e5d0b6837fca9802aa8bc9b386634ab792a1cee6e6803436b818d9d3daa30ae08249e69b15eb3af5f6a779c1ba9cd005d8b0cab918c75ab51c41a364c8391902abdb3065cf1576d9419178eb480a916e8dc6323dab420daf22b771daaa1c09581f5ab11614eec127b5006b43215d98ec6b6a394347ef8ae662951d80c956ad4b79252bb783c7068019a93808f58924eea78eb5a775993721fbd59f3c0cab92a73401734ebcf3edcc2e55641d334f95c9655de38c74358ca92f99940c0fb55db48a56700ab13401af1c8a4aaee3d29975210a406e2a68ed084dc4638a866b572a491d68030efdc6f2c4f158f741e570d838073f5ae86eede145fde727d2b3ae0a1c855000e9c50025cdb87b58ae1be52ca323deb1ae46d27675ada9e40d611a96e9d2b12f5829e4e00a680804619b3e9dea5f362897e62338acfb8bbdaa7673cd5432bc8d9624d302cdedd331f90fcb9acab82e4e73c559723073d2a095d7660af0680206c119f4a48865862939ce0e40a469910fca79a00bf6a079bf31e3bd687da922504b015cf8ba28a4a904d42d72ee416626815cdabad49dce10e3eb541e6663967271550cc49c6690c98ef4582e5e59481c9eb4e594e7218e2aa4726700d0efb549078a00d2b7d4678e4ca49b867a1aded3f55b59fe497f76febd8d7190b1079ab7148077a00f43b33221f90ee4f639addb3c4c9b5fafad79e68dab4d01c7985933c83cd76da2ea56f7246c60a49c1a432d5cdb3a9ca8e955e5885d43b1b1e62f4adb74e06e19aa7716b83e6422901ccbc6c8e548c114b927a9c1f5ad2be8438f340c30e1855075a00961b99106d2723dea66951c6460551e734e04e3ae28034ada56571866047a1abf1dc348479c81c1ee0735870bb6f1cd69433305006280340dac32ae52400f60dc542f68117e78cb0f51cd45e6364734e13c8a701da8036345b6b7681b6ae3939abe914698dab803ad646957ef1b1565520fb56d5b4d0cc980304d00473db3489956383daa83d9c9bf2412077ae86da1191961b6acbc16e536ae33de803879e13bc8dbdea2f21bfba4d7577163688c4b82326a2fb35a0fba78a00c0834a7e0b6071534ba732c595c362ba0167349f2c71d3d34f743fbe6007719a00e39a162db554d58b7d3e77c2edeb5b776b656f2b6064e7b0aa926a0c06214083d71cd003a1d3218807b97007a134b26a1676ab8b688330e33b7fc6b3e79659725e4661ee6ab38c9e94013dcea37771f7a52abe82a9ccbf2eef5a701daa49d78c50066b8c1ce29b1a9273daa79132d814f48f03a500462319e948623daac08cfa56859d9ed1e6c8a3d8500416365e58df2819ed56621233704803b5586469085519a95d1604e71b8d0040d70ebf2afe26ab4ba8428d80f93dcd43a9dcf969b50fce7d2b02698265a67c7b5006e3de095b0a73ef51c92c28486706b979f509093e492aa2abb6a13039662c29d80ea1ae147dd02a192727f88fe15870ea60921c9c8ab315dc6dfc5d690162ea30d193deb0672e1b0cd9c56e19815fbd9159d7d1066122018ef4d019f919c77a637209f4a95e2f9b8a8a45201f5a6031492a73c914d2ff0030e7a52a6706a321b7f4a00b11115283ce4120543129048c1a990616802ddb5c152aa0d6cd8dca0742d9e0d60c6464102b46d46fe318f7a4c0bd2ed372483c1e6ad451314040acc91cc6530095ce335a3613380003953eb480992170795fc6afe9ac426189e0d496ccb9059411ee2af5b4504884a2819f6a00a374a9b04c3e86962f2654c1db53ddc7188d938c67354e1455381d280278e1b70e3e41f955bb78e3f34111803e955e10370c2d69c299556c0f7a00497a80a3355af188ca28e455a988127d2ab4af1b3927ad00625cc25a46deb906b2ee60c060a07b56dea93056013b75ac1d56e022860d8c9f4a00cfd4a75b748d339603eed735a8dc492b92c48c9e82b6efc2cefb8f27d6b1ef2d727e4707f1a680a024dabcf4a4137040a59ede55e0a9c0ea41aa8d731c2c542b31f4c5302d2a3bb1cf02a2b89235e090715034f75372a046b55e481df20c87f3a04173760ae14815141b8a16618cfad3edec93cecbae40f7ad292de320000014c0c70474a0301902af9b64dc7007e551b4316fc0c5170b15776189a693ea7a55d92188af0067eb517d9958e01a2e162384b7f7b26891f185635225a4a0965c103deaac892862d229a044e8fbba54c8c719154d4e3daacc4e02e58f7a068bf048477c7d2b4f4ebd92de40c1c8e41ac58df3d0d5a85f0ca4f38a433d7340d5a1b9b6093b67b02456ab45b79420a9af3ad36e5a2442871cd767a2ea4254dac73cf22a4092fad319641c11f30ac09a22aeca474aec64404074c3262b1f56b4c389a35ca91ce280304a50abd8f5ab6f17b530200c38a008e08cf98b91d4d5e44e7da9b047fbc53d706a60b8623de8017a2f4a43eb5201f2d3180cf1400b1c9b1c10718ad2b5b819521b04fa5649183525bb957c76a00e852f26503f784fb55ab5d437380ec55bb66b0565200e7a5488e4f249a00eacaadcc59e37550951964236f4aa365a9981823b9db9f4ae821782e22594e32473c5005b96f1231b62017df159d772b392db89c9a24866cfcc3f1cd452b2c71907923ad3031756622e48cfa555524d4d747ceb8673dcf1491c74808d9075fcaa265ab4cadd31c520889ed40155532d922a5b851b7a54e91807b547787e500500677fcb43c54c138a8d17321e2ae4309760b400eb283736f907ca2b4234795b03a0a7410eef95461455c5554f95060d00312348938033eb59ba848b12992438f4cd695f4d159c0659dbe80724d70bac6a12dcc84b390833b47a50041a96a1f31f2f2cc7a9ac2927669332b96a9ee24247ca7159f28ef9e69a0246909247415139cf14a0ab2e49e699b2567f90703bd301b9ef52066ed9a923802925c93f4a9c32228da8013de80196f25d03f331c7bd5af3032e198fe5509933819151eec8e09a405974808fbdcfd68856d8f04a9fad55750c075c9a81e2742591ce3eb401ae96b6ed9c2a834bf6785581da87f0aca5b9b88c8e4107dea55bc7de3208a00d1f2e22e06cc0fa53ded203c04c13d2a4b275957322f4e9575446e41d8540a4050b5d30b4a1cfdd1ef5756031c9b70b81daae461514052706a3652cc48ebef40156f224f2b81820e463a52593949555b38a9ae36ed0879634fb581491d0f3401ab049b938c6718ab9a7b919526b363492339c657d455fb2c6ecf4cf5a0074ed9908a83959071c54977f2484f0455079cef193401ab1e320e3ad6adafdd09dc8cd64d8bc6db324fe35a96cd89fdb9a00ad76e16723354653839e79a9b51702e1b03bd54f31b27201028033f5163e6907b5733ad391919279e2ba1bf24e48ebeb581796b34ec41c6df52680336191a503a9a992d8b9dc138ee4d39614b7381f7bd8531e69fca21188e7b714c06dec088876e0b67a564dd436a8c5cc4bcf7c7357659c86dae773639354ee6291f9238078a60652abc8ecaa08c7351b5acca72ddfdeb64471c7f336d504727d6a85ddf5ba328505bb138a0440a258e304e706ae431bcd16470455693508f1ca8c76e2991eaa21195efdb14016a38d91d8b0ce474aa77a9b1b7018dddaa5fed02e4b8e3f0aa9797eccc329bb1ea0500301c264d2c6d9ce0f350adec7c878b83ed4f8ae2d81c9cfe54c0b4f23c71e013934d0c4fdec7e34d371048f8dc31ef4f5556e4381f8d201c22864ea83f0a57b38881b1b1ec6a41090bc704d4813601bb9a00ac96d22648c30fad4f02b0655604126a742b8e87deafd9ac72c83280edf6a065a89b6a851d2b5b4bba68d815620e6b396d89cb467f026a7b505186ee2901de6977e1d40c92b9c32d5cbb0aa178cc6c2b8eb0ba68a40431eb5d5d8dca5c27964ee1d067b52028de5b6cf9d07c86a93a0cf4ade640330c9d1ba566dc4251cab0e6802b420ab823a54b215ddc0e6889718069cc80c80d0046c4f6a41b88ce2a731e064d26dc0a008b1c64d2a2838c54bb47a52a27238a001518e39e2a462ca00152a00074a46524d00566249e4d5fb3d46582011ee6201e2a9b27cdcd39538eb401d29b99587cd2b9cfa9aab7521da46724d484e055797e77a00adb327a548b1d4a130334aabdc8a0088a71d29186385eb53352050680202a6a0994b13579d702a2da28029450fcc4e056858c44b1dbd4546a873c0e6b5ad2dfca840c0dedd68016340a36a80296678ad9374982c6a662b6e9960375733abdeb3bfde38cd30297892f6497ab1233d2b94b994f724d6d5fc9ba13b9bf1ac264691be5c7e3480af3300318e6a2582597a28c7a9ad0f2a255f9be63ee29acd8c85e3e94ee0535b6488e64f98fa5484efe23c2d3a4567e0734a8be572c405a0089d194609e4d1b3e5c9fc3349797b6f1e1906ff00c2b3aeb5077e54edcd00686d287248a0340bf7989f602b1d2e65998296639f535a1185541bbad3016ef508e3c2c687a7a5654ba84ce4a82467b0ab976858aa851902a9185524f9b19a0062cf360162df89a952e02c8a589eb51ce36939e07a530f283b9ed401d0d85e87f94b107b5743a7ce761f30e40ec6b8bb64cbc6f92b8f4ad9b5bb94065625876cd2b01d14d72aab85c03d40aaa6e663cee3f9566798d28255cee14e8e7910618ee22901a2b2339f998e4d5bb52db860e31dab2e1b98df1bb20e7b8abf6ac09dd9ce3d28035e0b8208471906b4ed421217039e958d6c431000c7a56bd98fdea7aa8a004d42d5c92ca01159935ab9e5700d74418b070c3b56731db2907b9a008ecede5f2d49edef5a568b28201345b6d31e01abd022f040cd0066cf6c4c859b06a26b6013790326b42e812e71c0cd57b953e5a81e940191711c4acc1901ac3d406e72154019e2b7ef54871e8462b9fbccac84139c500665c203938aa7ba3586466ce07f3abf73246aa78c1ac1d4af923531a81c9e714d015669555cb139f4aa57ba832aec0cc79e2aadcdc1627071549fcc24339ce69889e5ba9e643991b02a8cec4c63393e94ef35559b0dc553baba3b4003807d2988b0ec022ee6dbc7348b2c01705b3f8567c9334a8779e3b5465be51401b4f2810864e955a7bb52a02afcddeab44d2b444ae7029ac76c79239a0091a56c52ac80ae48e4d40adb863bd4a83900e2802453f37a54d13489c873f81a8080b92df852a3f3401a116a122b7ccccc3d2b461d4addf87423f0ac1041e7a54f8039c50074a3cb93e688839ad7b28443165800c6b95d296447121240cf033d6b7e0be2c72e7a5219ab19756e32466ad218df861cfae2a8dace262021c76c1ab6222064e73498cb422283cc53951cd6868576564dac4f2722b263b8640232783d455db655670f1706901d9e04d12b77f5a86ee1f321dffc69d7e950e8971bd0c2e4e7b568a801c82383c1a00c445f9a94fdfab735bf97332fe22ab4a3079a0078518a3cb18e3a52c672062a60015e940106c3ed422fcd9cd4fb470680a31c8a004033d8538a8a72a71914eed4015d9294050304549b79a42b92680355ba66a309ce4d49b6954738a0068028db5211c5263f3a0088af34aaa29f8247148781cd0044fc9c0ed49b38ce2a44526a68a2323051d3bd0036d60f94cac063b5682158a112c8339e829a8819b6f4451cd54bdbac8247dd538514015354b9639c31cf7ae76e5893ce739abd7129773d6ab18c06dcf82680294d6de6c277702b2270abc28c0adf99c1e831591796b224996c05278a00a1825b0324532452bc9231535ccf14030719ed8ac7beb97918856c2fa0a604b3ea290fc884b35665c5dcd39f9d89150ca0e720f351bb32b71d69804eee38dc71e94cdf94e78c548ee194e473559be65dd9c63a8a00b768a77864236d69a34050e58963d38ac0b4ba789ca7506aec172854865dade94017e7750a3079ec6a37b59258da418cd526b8d80994e00e94f5d651a0c05db8e3eb4010b162a438c9a419d990381d6a092fc21c6c2d93e9566ce43711c9f230c8ee281166ce55917e5ec6aea39c6735916bbe118d8d926b5a08a47b7dd8340cbb64e3cd5703383cd59950f9a4f63552c91c11c1eb5a4d92172303149815fca03a01535bdc34126d27e5a6b0c1cf6a8dc6e20e45203a3d3655930d9f5adfd164466218e5bb715c7e9a8ebb483c5751a42e2643fad006bcc402db7bd67dc2f3d2af30f9c83514f1753400db5ce062b4ad7246de959f6e08615a569c60fad0056bb04b919ef555e4c707a55ebc4fdf9038c9aa57280038ec68033358995a2da8083915cd6a532e30df7877aded5548c11f8d71fe2191625662c40a00c3d6af581650c42e71c560dfcc422e18927ae4d457f7bba76e4e3359d713333139355615c74d312d85273f5a8e49e4e1431c5576f337138383492f998046698873b237b377a89c12dc80453013dc1269f0798ed80a4e6802bca30463a0a63939039ab13db4f91f211491dbcbe660a74a0095656583cb1c0354de463c1278ab12473004321e2aaed6279a009adfae4f41561641bcb66abbb08d028ef4913a90739a00b0ce5f9049a5539e95122904f7ab11c633cb605004b1e4e140c935a76f06c20ca013d80aa703a270a31ef56a294672b9fc68034223971b871db152e540c67155eddc30c639a981507e6c5228d0b47751b813c74e6b4ed75128b89b2c73c5612dc6de33c9a7ab316cb3126803a98cc737ceb826ad5b6e490104803ad73b6170d11c86fc2b7ec6ea394649f9bd2901d269722995187041ae8a40300e3a8ae46c0805581239aebecd84d6ca0f24520209d03a893b8e0d519d324f1d6b5b67050f522a94ab9cf14014e25fe1a9829f61405c38a931d0e2801aa83f1a705029c05380a00685ef432fb53c0c1f6a795c8a0083673405ab0ab85a8d81cf14017f6d2814fc0f4a31400c2b9f6a00a900c5295c530231c0c531c7ad4c6a33cb520041db157238c4510fef375a8ed22dcfcf41d6ace37bd004372764214753d6b9fd467224d8a32338c56cdfbf2d8edc0ac498042588cb66802168c46324e58d549f2c73534726f721b8f4a8eee458132464fa0a00aee1110bb9c5656a377e7c6624c8f43497b70f2b72703b0acb958ab72680322e8cab2112139f5a80498e1856add01228f30061ebe9595736ee83721dcbe9e954042e0e723150dc4a08fbb8344f232a8201c1aa77321600ad002cd33004f351890bc4cc3f1a92dede597eff00ca3deacc10470c9820303d491d281195199a560141ce6ac6260c09c71ef571f64726e45cfe148c7287031eb4010b472dd1cbb74e297c88e3e182f1481df7fca4f14a37bc9f30e7bd005948d0051b47e553c774232762f3daaaac4c096dc78a92385be5e4019ef40c9bed8dd18907b62b7345b912c3e5b9cd73f3439ca82a58f7ab7a023a5d28e7ef7ad00761670ae70231d6affd9d1864a802a3b13edc0156b767b54814a6b54c1254135545812e08e99ef5af90c0f14904796c9f5e2801b656e5182b2e31deb7f4e897e52bdaa2b448ced2c39ad2b688094150066801b29db2649e2a2966c8232455aba88e091daa9c91315e9400fb4219ba8cd6943c15ac8b4475901ad88c72af8ed4010dfb7ef89159f3484a60f1cd695cc4c727ae4d50ba80ac258f4a00c0d567545624935e75e2c9e4b89ca292173c0cd76bac87795f27033c572da859c726ef318e739cd34070cd0ef720fe34f7b78bcb185048ef5a37902a48c108519e2a18e3dd1b648e3d29dc5629491285054751cd3d62dc8bf20f43524c408f8e31496ee48efeb4c0acd008e52760dbf4a8bed0aad88d76fb815a17b974181f4ace785c363ae681134acde5ee3c9cd32078da52c476a9ec2de4943c6d8181c66a3fb1c91b91f2e7bd00248632e48ef5098624cb103f2ab8b64cae4965c62997101da1436ea00a06de3724903f2a55d3e3033c66ae25bb6d27802818dd80013ef4015cd990bc1a8921703e61deb49598673532945014af3f4a00c98c124a8cf1cd4f01c64b7ad5f31c0c490a01a825b49063cb21850162cda9039269cd37cdc0c93dfd2a9cacf18084907a9a6c6cc4f5340ee68c1b7765c926ad46fbdb9e2a95af5e6adc382c39ef4865d881e3157ade428c319e3be6a9c441e140156a2c1eb8a00e9747bdced491b92700d76da63ec58f9c835e6768c43285f5aee342bc011219093cf04d203a978f70dc3ad67dc2912915a76c77460d57d422cb7983d39a4066b2f5a7aae57a0a730079a541ce28019b4f34b8a940c9a52a2802351918a701d05380f7a5e845000071c530819a98702902e7d2802fedca8ed404c1a7629eab9eb4010ed24fd283e98e6a72bc534afb5005761cd3547cd9a99d4019ef488a095f7a60598176c19eed4f8c70cde94ec7451d0714ac36445da901937c428ebce6b1ae06e279c568ddb99243f5ac8d52e0409b47de340142fee12dc6064b76c56335db3b10ec73eb4fba63212493c9acf9863228027972cbef59f3e41c9e9528b92b8591bf1a86e40396ee698106e078aa931653c0cfd2ac2412bb654e07bd5a4b758fb82698196b6e661fbc401690584109e141efd2b4e568f6636807d6abbafcc0e49fa50066cc849f90e3da9b2e4818039157dedbcccecc0e39aa5fbb8a529231cf6140155cec180327e951fef1be67185ef4ebcd4638db6c71927d4d655ddd5c48f80e707d0d0235a29ade26c30e4f7c5437978165ca8c71c56723b00064b1ef9a1c99492e7a53b05c9a4bc6000de49fad4b6f781c82cc4d66904a354f6e845bb64806802796f0172d9357b4dd4b695da4e7d7358d144446db8e4e6ac5b285939e33d280b9e99e19bc59e2f99896cd6f808cb81d6b82f0dc851d1037de3dabb08f78518278f7a9196990e78e3e9562dd40619cf5ce2aac52cabc9f98559826476036953480d5836b608e2b4adb6ab291e958d6ad870bfad6ce9a14b166eb401386c9231f9d42ca1f3815316018f4a8198e680123830c2ae44878e702a18b248ab49c019a005942843ed595aab130f038f4abf3392e466aadc2ab2f3fad3038cd651bef851f7ab0af34f91cef1b70dcf35df6a16b1980938ac6b85410ecc026901c0de688f23121973e82b26ef4b961040e0d77b74bb5893c560eb0e0eeea79ea2981c5c842e55ea0594ae40352eadb7cd2c0639e73deb324973903815422e0d4769d8d938e954ee6fa4c9009e6a3811656605b1b4679a8a71c640a043a0ba9964c877e7deadc5712799c92723b9acc53820e6b4224ca673da80124bc719c330fc691ae5d501258fe35085dc4f4eb504bc938a00d18351619dc09156e2b8b7106f90619ba7158608185033535c49f2aae7a5006dc6622a3126734adcc99207d6b9ddecb8da483566deea555c9624fb9a00d795bd38cd5ab30572ecc78e6a9d95d2c8009139ed5a48a5d0ec231d0d2190c8e933132460d247601cee89828f43567ecfe572467e952a9dc781814014da3921e0af1ea2a580f7ad0504264e3e86a43671ba6546c3fce8195e22430c55e84938e6aa344f09c11f8d5988938e6803574e5dd2a8f43935b96ec438209e0d646971ed8f731e5b815a96dd47d69303b8f0d5d89a3113fdfad6914313191d4735c5e95398ae51d49054835da46eb71025ca7a608a4066cd118e4287a8e95163e6ad3bd883a7983a8eb544af7c500228f7a76de9447d7152edc8a008f6fe74e0beb5201415a008c264f5a704fa51b79f4ab112653b5004ca31f5a78193428c1c1a91573400c0b9a715a785f6a460319a00aeebfce8817328f6a7b2f34f817f79c7714012c49b9a9ba91c41b055c44d800f6aced46409976e82981837f3adbc5b98724f02b95bd91a472cdc9cd68ead2bb5c316cf5381e82b2e6e79c5202949ec6aa4e57bf5f5ab720f7aabe4348de83b9a00cf994b36d41cd58b784a01bf0d8ed577cb444f940cd572adbb27269808ce08c018a85d7392c7a55a540e76b638e86a85dcab64c49c9cf4c500382107e62369f5aa9a8dcc70b10a09aa1737ef267ae3eb55269d6650581e3d0d30276bb99ce412a87b0aab2e5241b8961d41a6c931423611c516d2876225c907b9a00a97d100ead8eb50c913c6a188e3b574fe1af0cdd78a75db7d174fb8b54bab8256213ca23566c676827b9ec3bd77727ecf3f128a8516da6903fe9f07f857356c6e1e84b96acd27e6c145bd8f190ac23c918c9a58001bb7720d7b10fd9d7e24321df6da6823a0fb60ff0a67fc33afc4b0c716ba6118ff9fc5ff0ac7fb5705ff3f63f78f925d8f23f2d59320e053e38ced2a39cd751e3cf026b7e06bab7b0f10358add5ca19122b7b81232a8206580fba0f38f5c1f4ae7a4019563418e393eb5d94eac2ac54e0ee9f515ac52964fdef4e0714e87e69322a368c82c09c53ed61667ce4e3d6b424e8b412c6e636dd819af41d3d83c4bc671dcd719e16b60ecbfecb75aeeb4fb719519c7ad4b287bae076a6aae0e7d2af3dbed1f7b8a58ed4050dbb39f6a4016458a863d056c5831233556da00a832062afc6bb138a005c966a9c4795ce2a08b961c55d600271e940110f94d4a1f35093eb5d1689a0d84da3ff006b6afac47a75b348628c2c4659246039f94741ef4c0e78f2e6a3941d840ae97c4fe1c8f4cb3b0bfd3afd751b1be24432888a36e07054a9ff003c1ad097c25a4da49169fac78961b2d525504c0b0174889e81dc1c03fcbe9458479bea00ecdbdb358b3e412457a4d8781ef2ff00c597be1bbab98ed2e6da17977eddc8d8c6dee30086073dbd2b63e19e81e16b7f1834967e261a8491da49b637d3d946ec30660c4f1b40047aeee3bd1603c16f4bc8e540cd62df865dc1940cd7a869fe0fd26fefb57b93e2b820d074cd9bf507b570f296c00121cee27391d7d3d6a978d3c0da643e0c7f167867c46bad69d0dc8b7ba592d5a0921738c1c1272391e9d7bf3800f08f1242e72ebd9ab1e201d3071935d7eac84464e0119e86b8cbc5c5cc98380791ed54818e8c18cb804723150cbf28da7ad46f214604fe353c4ab28193cff2a0443180cfb7d2aeaba901149e2aacb11864f90eecf7a94fcabbb1938a001976a96ce41f4aacb962477a9938c0724034c9731b9a008ced0c739a8f3b9b34f91b278ea68031da801c89f3649e0548ab90768a4eb8c0ab96b190a7777a004895d3014d5cfb4796c154153dc8350846452cc31e94c054e32680366d6fb6a8f341615a16af1ca3311e7e95810c2db49078a9e0678c80a690ce9618c93ce2a54525b9fcab334dbf3171202fcf19adb82586e07eec0073d0d031b1a1e84020d58874e477dc985039208a9adad99db39c28ea4d5f11800042314ae0564460402318e956e2601719e6a5540e9b187e951984c279395a405eb22465f3d2bb0f0b4fba2f25ba3135c5432748ff003ae8bc3f2ec9d3eb401d5951bda33d0f159f711ec9194f6ad37f9955c7a557bf4ce1fb118a00cf5187cd4e3a5444735220a005a53d29db0d35860e314c04039cd5c813f743355a2524f4aba9c281cd2015969c9c7d29ecb8e2998c5003a908e31d68143500342e6a6b48fe6dcdd05340e40ef5671b542fa53b00b210149ae73599fcc6d833b54fe75b7aacbe55b2aa9f99eb99bb6e3907ad0c0c6d423330ca70cb58f2360904d6e5c900fa1aa7259a7fae3f8ae29019c96c1f2ec70bd7143af6038156c004ff004a698b0d95390680281883642fde155ae0794374a768156f51bd8ed0e00dce7b0ae76fae5ee1f32720f6cd3023bfd4f70db00200ef9acf2ccc31231209ee6a5906cc861c55091d95c9c1c0a602dd75e0706a38a1dd20e47f8d58802ca306a0995a19c003bd0054be8984be83daa032b28da71815a378d92aded545816cfca09fa502120b978dd66121565605483c83eb9afacbf67df8ca9e20f27c2be299d63d5c00b6974e702ec76563ff003d3ff42faf5f9360b4695c6e5da0d6e59582c732b8720a1055870723d2b8331cbe963a9724f7e8fb150938b3f426bcf7e32fc4bb1f02e97f67b7315d6b9729fe8b6c4e420e9e6498e8a3b0eac781dc8f2fd03e3fde69be0c9ac753b292ff005c85765a5d123cb907f7a5e73b87b7deef8ea7c4b57d52fb58d726d5354b996eaf2e5f7c9239e58ff403a003802be5b2ee1ba9ed9bc4fc31fc7fe01bcaaab6825e2deeb5af5c6b1ad5ecb797b7526f9a693ab1fe8074007000c0abd79636512002204edea00a254dd079aaa4141d3d69d1b19edc9707001cfbd7db24a2925b1ce733771c4928c20f5e950db297b8118ea69754924170c074ec2a7f0c42f2de6e23806a84767e13b64484315192de95d740aaa07cb9accd16058ad80c02739e074ad7848c74a9193084ba82bc54c213b0034903fcb8ab708caf3d09a0020076ed2b8c5582a0802a48d15541cf143afcfbb231400c4010e7ad48cd95f4a52995c8e4d33db14c06b7ddfc6bd07c3ba6a43e0cb5d534ef0f41aedfcf33a4c25064100070a360f51ce7dfe95c02619b15760bbbab58d96d6e678370c3797215c8f7c75a047a1f8de5b8b3f0d786aeb50b5b4864b6be2d7105a2811c6725b6003201c75f7cd64f8c3c2dad6afe3096f34cb737765a832cb0dd21cc61481d4f6c7f4ae18cb2b46613249e5eeddb371c6ef5c7ad58b7b9bd8ad9ede2bbb88e06fbd1ac842b7d474a7703d1a3bcb7bcf8a1acb5ac82548748921320390ecaab93f9f1f85717f06c67c70101f9e4b49d5173d4ede82b0e5796052d0c8f1b30da4a31048f4e2b2c89e27596099e2954e55d18a953ea08a5703abf04785228346d76faebc2ff00db5afd84d1c69a65c64796ac33bca756ce7a7b56c78c2df5493e056b51ea9a1695a24bf6a8255b1b18445e5c45d006750490c483d7d2bccdeeb544bd7bf5d4af16ed861a659d83918c72d9c9e2b22f27bc61705aee72673fbecc87f79fef73cfe345c0e4751d390c44839f6c5709add9209b2aa01c9af49bf1b463ae3b571de210a645755e73cd3407252db29c0c62912ddc37ca08ade92147872001dc71550b18dfe51cd310c86c2691082429ed9a47d3e752416423d2b46049276c8392053af0bc71ae7824f34ae3312e6ca753d38ed554ab6c60c31838e6ba82565876e79c5566b78df82453b858e6dc10c071d29a4127278ad8b9b6888caae3dea38f4e279cf1eb408aa80228247bd5b81f74ab9fba2a396d2446209cfa54d1c2d02664183d68024b8cc8df31e29aa117aae4d573292704f14f8c975e3b5005a12313c74f4ab08094cfa76aad1801867ad5a87739c50c6872024fca2b4ac6290619988e7b75a86088210d9e6b4617dbf3b13c76a433a0b3bcca2aba90beb5a5105719c81e95cb24cec4312401dab46cef595d7d334ac06fa6785edef52be06370c8aab6f771c8b9c10d9e99ab310f30e4d2021f25a39370e56b63499312467deabc4983861906ad410f96c19395cf4f4a00ed6cc892d10fd69665dd6ce31d39aada2b66cc0f7357b00e57d4530329850b52ca9f31f6a8d783401281c6714a57f3a551902a455cd201912fcdd6ad2818e4d44ab839a902e6802cc9c362a33d7deac38e735130aa023230693bd39a85029012db265f71ed5615434993d052469b611ead4b21f2edc9f5a6061ead379970e3b038158b73d4f1d6b42f4e5988f5aaaa9fc6fd7d2a40a3f67c0dce3af4a82519393d41ad2986e209355da3f94b1e07ad0065c90ef395e0f7ac8d4350f2b30c470d9c16ad1bfbade0c5170a3a91deb16e2347e19718ef4019770be61dc5b9f7aa528da4135a973071b94f3e959f75110a32464d34047745265dcab81d0d519add88d8471eb4f79a446f9781479ad246411d7a6298141a168dcfcf822adc616e10af57c714476524bd58ae6afdb5badac8a3ef007ad0050874c79a26590f2391c54d6f60a80a100376e2b6c4725c38681769ef914e96c255237be49e7814058e7a48840c0b751e94fb60f293e5c72120d74f65a5c4ff00bc7418ee31d6afa24119d91c601a761d8e2becb299f329fc2b420b386deed2690e57ae08adbbe5dae3e4fad739ababe7a123b669582c695cdea203e4a6571503de3c766cc5464d334cb7692d8963cf61515fc6cf1889f38c1268b0ac615eea71bdc6c68d467bd69f87665562548249ea3b560de42867daab8e6b77c3906c604290375023bdd25f1644139626af4536318f5aceb22040081f85588a48f8c83523356da50403ef5a51b640c5635b3065c06fc2b4ed81080e6802e3c84463d6ac4237206acddcc5c64719ad7b72a6103d2801f1a71d7822831ab669ca40180734aa4e4f14010a4204c3d2a7641ce285fbddf35231e338a00a891609c9a948f930286249cf4a1581e09140156e338391c0aceb8391e95ad32831b1ed58972e031049a00a93e5416accbae73db35a133f18cd626a7395049e39a00cad630885d9875c57113cf1cb78ea58752335a3e26be731382c40ddc73d6b904932d8dc739aa48474090ef5db190706abc960cd36ec819359ed752407744e496ebcf4a77dbe5201dcd907d6803a2b4b58e1c9924fc2a96a96e8cfb56519cf7aa297323677b13f5aa9a9ccc855d5b713401a22292d86000d91cd47796b2c09b80fbde954a1d46e0463b9ab573aa38854321c9e7ad00450c0e46e75200a7990005003c5429a9aafde07f3ab514f6f390bd2981259069392b85069751db2109818abf6f0c78223393daaabc0eae4cbc9cf6a4067369c241f2f1ef8a69b096df9c6e26b6449b48da38f4ab111320f9e3c5170b1cea2927e65e6ae420f02b75ac209460633db8a81f4df2970ad927a66802bc584192727daac2498e703150242c09245498c01b874e940cb6b21619e98a91a639c2d6699198e318f6ab56eac57f1a00d2b499832e4fcd9e0d74da5dd0602390727bd72d029c8edcd6b5a3ec1eb4981d6c2995c8e956ad32ac01ee6b174abbf99637c904f5cd7416e99c102901bba5aec8d71d09357fa1cd52d3d80d91d683a953f5e94c0a932fef1b35032631f5ab72ffacfc2a323de90091a82334ff614a94a4739a0040306a51d291464d3c6314d0171b38c8a84fd2a66e86a2239a6046df7a9f1a9247bd0064f7a9ed97f78381d33401238e42f61506a3f2c20559c0ddef55b50058019e280305e224966e99aa53e59b81d0d6a5e1c0da2b3df03ef74a902ab30c7cdf2e3bd646a179e683121c203d8f5a7eaf7265fdd467080f273d6b20bb447dbd2800957818aa571f21e4f7ab725c27ae0fa1acfb9cc8c58f5ee28018f284c9ebee6a9cab1bb76cd126e7caa83562d6d30373fcc68033e7d2ccdf32f4f5c54d6ba6a5bafcfcfe15b9038030ddfa8a4316d6017183da9818d1c0c4951c0278e2acae9a7018f23b0f4ad1b18964b8218607d2b6552dd13606cb77a686919da740563c15ce0f5ef57678e10996c1f6aa333ccd958c8c77c5361592193e7248269940d23b30554daa3b536180efc9ee6aeed07e750322a4424b827a50052bab6dc85875fa553b8b28ee136c8bce3d2b7d972322a94e19df0148a00c68f4f68cec56e3e94dbeb36cf2986c7a574705b90371a81e121ce4668038cbbd1cb379ca76b0f6a974eb39166504107e95d579208c1a7456c158328ef4585620b5f920c77a9a23bb1f2f35712db7827814456a51b713c52b0ac2c29b53713576cee1b3b0f4aaec8580cf03d2a6b680061838c9a911a1182cc1cd685be7ca0723ad57b78b800d5c8976ae0fad003d0e7ad48bd734d55cf5a995450031786a958e529a461b38a76415c5005661cd001f4fc69ec39e2900e2802b5d16f2cfa66b16e412c49adf9f0c98c5664f0039c1a00c2bb90443a66b8df186ac6da1d8a00663eb5d76b4ac80951dfad79a78ba39269db9ce29a038ed46e649e7662e48cf1cd32dd58a9707914b243244ce594b027a628db82369238e95448d0d80548eb4e46e703b77a9152539f97356e1b7de338c003ad001026e8f24f5aaef1894904f00d68a45b176af39a4485951dbcb3c7b5171d8ce58f68c1a91d3cfc851d2addadbb49c804927a55e8ecca0ed9a2e16300d9959704fe957adad963196f941ee6a5b990a393b40354de5667193914017e290a1db1b1519e4e7ad5983510ad895548faf3590c001f2926a20cc1b2ca78a2c173acb5b9b29f3b8053d89c54af06dc059320f7ae3cef0db97bd5bb6bb9a3c00c7ad2b05cea922c900b62a4821fbc3258564c1a92ca312e41cf5157e29b2bfbb7dc3d41a06497014a6d5c64f5acd92c660728d9fad682023e6ce6a58f25c67f1a00cdb74c61641ce6ad1f95b6a8e2ae3dac73127ee9c7154a4b792dd811965a00b31142576e73deb4adc8c0e4d66db95ddc0c13daafc03919e0d26069da921c5751e1f9b7388dba03d4d7316b9c818ea6ba2b11e522af73c93480eb2dbef06c56b20f32107bd60e8f36f408c79ed5bd68485c7a534055987efa9a179353dd2625dfd8d47de8018061b1520a691839a70a00075a781c53453d5b0318a00b6c39a89bb8a9dfd6a161f5a6022d59b61d5bdaa002ac41d0d00488b96e2abea436a81ef57625c0ce2a8ea3c823a9cd0061dd8264e958dabdc7ca61438f539ad4d5a7f25703ef9ae7a5cee25b9cd4819f329ce2a8dd328cd6a5d28dbbb9ac7bbcca48e680336762c4e7a669218e62fd4ecf5ad18acbe5cca703d2a468801856e9da80238628428e327d7d69e622bcf4a84e50e541fcaad21660095c5004442b6ddabc8ab16cd1aca19f00ad54bbbdb7873e572ddf06ab5b40f38676247bd34812269a4905c3b11804f153dbbb6f058d384398f69fe54246d8015726a8b2cf97893a83cd5cf2d4c7b40cd56117cc5b3f31ed56e127d71c74a006c70edf94f7e94bb163cf3804d4e1493c83c51728180c7a500336858f683914d545273562284cb10c03915225b61be6cfb5003234dd032a8e71552389c36194735ae836a91815526187a0088da0383d2a64b41b7e53fa50878c62a7872c40cd003121089c9cd41383d706b46642a9803f1aaaebeb4014bcb727357ad02a81b8e4fa531be68c8c63de8862656e39a1a1346ac041c7d6afaa6541aa56a84851835a51ae001d6a0918063b53d0fcc38a73a1db919351c7f2b74eb400f9072298490b5230c8e94d65e3a500463934adf7714cc852460d488994ce08a00858718359d7edb10e31c9ad26183deb32fc13bb1ce28039fd57fd5f26b87d5208de566627ef1cd775a946cea46de95cccd6c44adc6724d0072573a7c6e4ba0aae34f190594f3ed5d45c5b1c1201ebd28b6b40c39e3d69dc0e79ac512308abd7daa4b7d2de552bc8007a5744f142a70581abd66d1aa8c283f4a2e073fa5e84cf215546381c9db53dee90b0b797348554fb5748975b64c6dc01e958da9dda492905f3c9e0d0072779e544a63b5639538271dab3dee5e2e0062d8e86ba0996377d810221eb9acabed3159f2ad819c934c463cb239901908e474a7bc903c7d361156aeb4f68541ddbb3cf4acf78642b82bc7b530142ef398db34c7cb647a5208f0739229431207cb8c5021c0fca1452e70413cd358966273f80a915594004727f4a00501980c67eb566dae2689c15350c5bbeef26adc70ed5c9ce690d1b3637d1c9c3aed27af35a5e5020346c1857310c659c1c702b52dae9a16de3e5f6a066c2ab0ea2a78955b8efdaabdadec574e031119e9d78ad158318239f7a902b4d64b236e0707da88c344c15c67deb4224c609abd0da2489be4e3d0628020d362f996663df815b96c3e519ef5412ddd1b20656ae4078f5e68035ace4d922329c1539aeb34e904b6fbc75c571b00e8d5d0e813ed9563cf0d4d01b1228922233838aa64738abe41594ae383556e5364a7df9a00888c8a14d3bb537a1a007814bf81a17a52e2981788e7a8a8c8a948f7a6e0e6801aa2a6b41ba422a3c7156ad976aeef5a00909c67dab36f5c20673dbb568c9c026b075590b36d04000d00606a277cc4b7f11e2b3a7500e4e4d6bdca090119efc1aca96390b95e71f4a9033ee1891b5573cd46b6d1c5ca125cf5c8e95a2d1855da01cfad5631b06dc304d005365dc70e09f4e2bd3fe0a787f4cf10787fc41a76a76e248a4921dac3ef4670f8653d88af3c591ba15ce6bd77f6780a2d359008c8921ce3e8f5e467b3953c0ce51766adf9a2e9eb23cbbc79e10bbf08ea6d0de3ee81c9304e061655fe84771fd306b88b9bf79b312aed5fe75f6478b3c3da5f89f449b49d5a0f32090655870f1b76653d88ffeb1e2be53f1df83351f07f881b4dbe7592171bedae10712a67ae3b1f51fcc60d61936711c6c7d9d4d26bf1f3ff343a94f9755b1cac201ba030586335bf6a762f03b74cd52b7b7566660f9c7157a128304f415f42895b13a3331e3a54e09870c0649a8d6688478403344120c6e3f85032edbb6f7f980071f9d482239dc7f4ad4f0bf87affc42d3b5b35bdb5b5b2869eeae1f647103d327f0ad6d5bc2979a65b5b5ea5cdaea1677127971cf68fbd4bff74f1c1e0fe5583c551553d9397bc3b3dce782c8c148539fa5396d0672c4e6bb88bc0f76674b59755d26defdc02b6925c7ef324640200eb591a6f86f55d4f5bbcd26058a3bbb489e491256233b5802a08079248c76f7ace38fc3c936a6acb5f977f4f30e5666409b508038a866936b6315d34de14bbb6d2e6d460d474dbf4b723ed296b3ef68b3ebc73f8543a7785ee351b33a94d7967a7d96ed8b3dd49b03b7a2faff00fae9fd7687239f3689dbe7d83959ce6f2470298f19620e38ae8352f0cead67ab5b69891477525d00d6cf036e4994f707d3d7f3e957e5f065f88255b4d4b4bbeba854b4b6b6d3ee9463ae063923bd0f1d87493735aff5f2f9872b391589b3818c54d122a103756de83e1abbd574fb8bd86e6cede0b770b33dc485020233b8f1d2b1b50b4369a94d6a2eadee846d81340fb91c633906b58e229ce6e9c5eab715826987dc155cb2e706874dadcf7a0c783b89ad405c7181dfb54d1305007f166a9b37cfcf14e8a42181268036eca4e7d7d2b4a3dd8c95ac5b090b48983c66b7233f2e09e2a7a90c5072846315104cb6454e48098c5314fcdd2980d2a6829c75a986d23a74a53d471480a3e592e6a607080539fef1a4ce5719a008255f949edeb59774fb7240c915ad70488ab0ef58827d33480cebd90b2313c735cf4f90e49c75adabe2db4802b9fb8dc4b0e7ad00432b06270706a58163d9f31009e2ab04018924d2c7b72c73cd0024f667771c8fa5091b45d0f1574cc3eca197008ea33d6a989dce58a8fa500417734eb0928bcd7337d2c8d20cc24107191debae57370a630800cd4b2d941f67c0001eb9a6071974cd1c59c649159b3de3a22850093d4559d4b5065ba78e58f6804f07bd531756b239ced5c7bd3102cf24879a900427d335620fb3483865fce9cf6aafcab646681953ecd13673cf355a7d2e42495de08ff66b4961915865481eb8ab86548d33bb71f4a0473eb613a265e36e3daa60046bb40f739ad4172d20e453268a39383c1f6a00cf88056dd8e73523ee7718152cf6b206528d900669c018c0de4863da8192c51b85391d2a444672770c66a079247208e953c4acd85f5ea6802c2429160ab64f6ad7d2ae674186c14cf7acdb78900c6726af440e40c702901d2da471caa1d1816f4abd12b00063249e6b9ab3768dc346dc835d2e97791ca36cc42c99e39a405b841c856a56b7d8db874f4a9822960c49a9b1b003da80204601303863d2b4f487d9221cff0015516b7dd999793e9562c588702803b4277c2927b547743744ad83c51a7b6fb01ed5201ba374f6aa0288e9487835211da9319a00541c0a71c7a5341c718a771eb401749e940a3bd2f6a00146e702adf4c2fa5436cbf316c54ea32c0500437ede5dbe7b9ae6ef589278ad8d5e6fdeece302b21d4b313da93029842c7be2a1ba8d5c657823f5abeebb86d1c0150ba7bd203270370041cd413205384e7deb565855f93c63bd616af3326523202e796a00a1a9dd2c076c6c0b7afa57ac7ecbe4b59ebecc4926587afd1ebc5ae080d91cd7a0fc20f1c697e10f0f6bf737a4cb7523c5f65b55fbd2901fbf6032327f9f4af2b3ba33ad829429abb76fcd174dda5a9ed3f113c65a678334537b7a7cdb9932b6d6ca7e695bfa28ee7b7d702be4df17788358f12eb52eafaa5c99657380a0616351d1547603ff00afd6ac78ab5ed4fc4baccdab6ad3f993cbc2a8e1635ecaa3b01ffd7eb58cd72d19c706a328ca21818733d66f77fa2feb509cf985b492612efea0f6ad58cb6082840c561b5fb2b6080b83c569e997b3ce30402b9af6d0917114b300a1beb5a10c4aab9269f0b4623c6d00d48aa8472a41f5cd033baf0d896f3e136ad6d608d25cc3a8a4d3a20cb1876000e3b80c09fc299a268badcda3db4af74d6761717f1c11a48ecbba46206f55e871ebeded5cce89a86a3a4de7da74cbb96d65c60b46d8c8f423b8f635a1ab6b1ab6ab34736ad7f35c347f7031e17e80702bcefab578ce4a0d72c9deef75a6d6dbe77f915747a4595ae996de36874eb6f0eea17d7905ca192feeae1fe5c104c9803047719ebc54768c53e2078bd81c30d36e08f51f72b87baf18788ae6d52d5f55bb68571fc5827ea4727f1aabfdadaab5fdcdf7dbe5173751986793233221c02a7f21f9571472baeefcf25771b6edf54efaede8b61f323a3f00c9bb45f1381d3fb38ff3a93c536f3de7813c3771671c925bc0b34730404ec90b0ebe99c1ff0026b9bd3ee6eac619e2b69de24b84f2e503f8d7d0d59d1b5ad5b492ff00d9d7d35b87e5954e54fbe0f19aeca983a9ed9d68357ba693ff000f2ea24f4b1d77812c2ff4cd774afed79f26eece61636f2cac1a23e841fb9b86718fe75268375e5eb6b169fe04105fc0c4f372ebb38e725b8031ebeb5c35e5f5fde5f7dbaeaee69ae3208919cee18e983db1ed5a53f8a7c43736bf649f56b892061b597382c3d09ea7f1ae6ab96d59c9c9b4dc959eb2496afa2df7eb6ef7d46a48d78d9a5f017899f68884d7d1128ad9006f07008ea2b87f2b68e8735b0b7372b612d924eeb6f2b06923078623a135466183cd7a586a0e8b9f9bbfe097e84b772ae3272c0e454334d85c002ad11d6a9dc0f9b6e38ae911179dd980cfad4b110dc74a84c20e4a83f9558b48cef058719a00d1b25d8aadcf15b3036101f5ace8573803a55e41c03524133364d22f5c9a074a51d79a0096334f600e3b1a647daa665a6055907cc69953b8c9e2a32a718a5602addb9f24e2b0ee324927b9adfb84ca1158f711727229019975186424562ddc51c603337e15b37ccc8a42f5ac594b1cf98334019573711e4f6515561b905caae307bd2eb38862738e09ac349f69003d30359a570ed83de869c14c83d2a9acc0292e727b53118b1fbbc1a2c06ad94ccaac7bd4ab725ce09fc2a8bbac71614e0d3ada7898760c3de802878a34e428b312549ae1e7b27dc4aabb73d857a26aecd342a5c8c03c0f5ac986d51989e4669a11c90062c2ab107bf1566dae258f2e5fa76ae8752d32df607d8dbbd05645d5849230291ed1dc5005a8356461b65007a1cd4e9124cf9439cfbe6b0e5b797e51b1b8f6abd64b3444952720fa5005e482488f20f5e98a511b64b3039a95eecee1b9327bd68598865c67e98a0656b7b762379c9c5596b249797045589079785881cd20321ff580a8c73480a72e9cc8b98416fad316128b872431ed5a6ae4918ce07b5486313f0c9c7ad17033a28ce7a8ebdaae5b8741c8c0a9a4b0112868db3c74a8d640a42b7eb4016612003b47cdeb5344c41cf7aae922b63040029de78e5507e3480e8b4dd4766d8a62083d1ab5d009006539535c641b8633922b7f46bd784ac6c3284fe5401bf0828838a99621b84839f51446caea190823daac5be3703401bda2906cc8ab51801b07deab69abb501ec6ad60efaa0294830ec3de9169d71c4ed48a307268011fd69074a90f4e2a32083401a03d68e734aa28ef40166305611c5491f0a58f614838551ed4f61fba6a00e7efc1966627a66ab3103e5f4abd77804f1dea8c833cd26044c2a17c282cc702a66916352643851eb591a8dd19bee1f941e314808753bc2cbb13eee7b5615cb3499e09abb70c768c9aa72c8072a28029bc4ac7e6f94d51962d80e00c76ab93ca79eff004aa8fb49c06fc28028bab0c165aaf242d236563279f4ad44b766e5f23daa69e011aa8518faf7a00c392d9039661826ad699986e42edf95cd59f20c878ea2ab3c732484f5da7a629a608df036600cb1ef56ed9839c15c553b631246198b331e702a769f790026ddbd855166a2b46bc4673ef4e58d9df2f9005663cd3a6d654f7c62b5209bcd883123f0a007908bc2907350b49e5c800a8de6556c7f3a6c8e1881401a3149b854a1c0ef59f0bb04205488ec680343729181cd3a3419ce6aac270d9ab40903205004e3205413925b3da9599d969011900f3401105627a547241cf22ae3631f2d4246e201a008961cf407153c71a83d3a53d5485c54b146c0671431327b3438c1356f691daa1b5ea7daae28cf507a54923074c50bd69e540ed4d1c1e94c091386c54cff0076a3880c6454a46450044393d2959723a53b0294734015244e0f159b74a4138ada75033c5675e28c1c0a4073da80e0fcb9c565c90071d704d6e5da641e3bd5310f39038a4073bad697f68b474e727904579e496f245298a4dcaca71c8af63962f4ae2fc59a613299501ceeec29a03928965dc41fbbeb5a96cc5547cb9f7a64312e3e62323f87bd69595af9c3e4c003be6802864c929ddf852c50303d0f35b3269af8dea54fa9c8a885b4824e0907345c0ccd4e290c58c30d9c8e2b223d4640d8c2122bacd456464e13823048ae22e227b6bb6575dbcf04d080bed3dc4ad92a73e9d6aee9f6de626f9fe51e9542de6658f21936e3939ab8972c22528d856ec78a604b79650a82c738ebc5672bc0aff2818f426b5a4591d32795ac86b648e620ab13da80263124c7774c76a54936b155c60544431042f19ed4c457e87a5005db7b86471b181f635a51dd433280e4291c5664162b22e449b5bdfbd35e3911f605ce7d2901d144aa9ca007eb409f2dc285ac9b39e6808f9b773c835ad0cf14e312108df95003d981e08a8e558597e6539f6a9648f61e39f7a8c64b6780690159ed760327381d29216c36d00d5f404ae3af341b60f92a0e6801d6ed803b66afdb649c9c803d2b3e14910ed753f955c865c0db9a00dbd26f0c0e10f284f39ed5d2da85970ca720f4c571b6e41c1cd741a04ed1b80df733dfb50075fa79da429ab8e98208e86a85b90ca1873f4ad380878c022a80cfb85fdf1c0a422a6ba42b213daa353918a00663148413521cd18f5a00b7c638eb420f9c5230ef4b11cca01a00b8a39a926016023bd39140e73515dbf1814018979f78fae6aa4ac11773702ad5d61199a438507bd616a376646daa404078a4c0a9a94cf313838406b2e77f2c654e6ad4f2b631c567dd376ce690113cc921ec1876aaf34a11b000a64d92df283f852c30bb0ccc0ededda80222f2bb8d8a31f4a9228507cc7ef55ad83a2f4ed8a85d429c1ce6801a1149249ce2a1bc650c0e4fb6454b210178ebdeb3ee6f56304b906801ff006a1102cc8a3d33dea85eebf32fcb0ac401efb7354af65694e4367e959ce8e4f239ed4c0dad3bc41741fcb97cb03b122b59354bcc721083fecd7153bb2b05e063ad68e9ba8bbfeedd97776e6aae34cea4ea3349c3a29fc2a4b7d430db1c05cf4acab7b8425b79503eb513cc19b8753f8d051d149387031826849893c8e6b26ca5772029c9cd6f595af98c18a9fa5004d6e59973d3daadc309041fd2a58ad7a606055948f6700734011c70b1e482055c8c2edc5221665c15a9228db3d0d0035d36afcb55987cdd715766c26391549e48c3ee2c3e94015ae1e48a418e869f6f23fde900a7b7972b06246075c524aca3ee0c8145c57260e1b9c80d52199c0f957354d0f42dc54c9202400718a924b96b2481837001ea2b423964c738e7dab2ada52d20e847a56b89018d7e504e280177165e69a493daa48cf04ed1d29dc95e94c04b7276918a98127a8a48c00a06da9010074a00898e4f4a91061720528ebd294938e940104d9c6706a9dc0c8ad03920e6a84cdb5ce693032aea36da7e526a988589ad3ba9319e4633d2ab090609c52020687e5f98565ead688f16e03767ad69dddc6622a0735483beddaf1923b50079eeab60609ccaaa7a9ce6a5b0b943090a36f3eb9ae835d8d1f29b475ed5c6cae2cae08ce2327bd303a8b76590601c714f822def8c8e2b32c6f2cd97e59c723d6afd8ba3cc42be0d2026bc5023038e4d733ace9e2721c72457617768cf082ac0f3d335993da36cf990e4d0071b169afbb644580ab074c9506598bb7f2ad1996585d8a28f706a1178e570718a603236b8587cb78f3c76aa9707f78420ed5a0b73b181f9476c1a8af3c9241c60e68031e45b850368af4ff00c4cdf00be22c92c4a6549b4ed8c5791fbf19c1ae0256ea2300d7a2f8126907ecfdf11d9d3959b4ec7fe040a68451f0ffc32d62eb48b3d4759f10787bc38b7e824b28754bcf2a59d0f47da01c21f53f974ad2f01f812f61f8c365e1bf133699666d258ee5e3bb9808ef63deb8488e0890b83c2f701b38c115dd7c66d6342835fd3efdfe1947e21d3f51b181ec3515bb9d56442bc460202a08fee8e7907bd626a9a96a971f19fe1c5a6abe178bc3a6dd6d52dadc5df9eff0067f33e40d9f9908e46d6e6981dbae9773e29f8bd7961e24f10f84f56d2f484b86d3f4c8e642f6e18b2aab2041968c44bbc313b723d6be71f1158b693ac5c69a351d3f50f2085fb458cde6c126403957c0c8e71f506bd6fe1ae5bf695f16205258dc6aa001dff0078f5e26556270b3068e45386560411f5a181eaf1cab1fece16970f1a339f13942d8e76fd9d8e3359de23f07de687e2d3e1bbbb8b56bd0d1a9689d8c7f380472541ee33c55bbc222fd996cda23b87fc2544ff00e4b3d74bf16f4ad5f50fda06cdec2c6e268af1ad2482548c9474017736471818393db14ac06259fc3bd6a7f17df785219ec5b50b289a576dedb1c00a70a76e49f987502ad5cfc37d460d12ef55b6d5f47d41ec06ebdb6b4b9f3248077ce0638c1ce0f638ce2bb9d3aec0f8ff00e3188129247a6cccac3823f751735ccfc248fcbb0f196c62c8de1db93d7be28b018fe1df035eeb3a3bead75a8e9ba4e9a64f2a3b8bf9bcb12bf709c1ce3d7ebe86abf8c3c05abf85acacafafe6b3962bc671108242e70b8f9b38c608208c13c1e715d4f89f4fbbd5be187846e349826b8b7b359e0b94854b18a52e0fcc074cf27f11ea2ae78fecaf74df867e0db3d4a374b94fb4168e4e1941605411d8852063b52b01e5b0a90420ce4d6f590f2e3551f8d4115a1ff5e01e3a0a9e0254f230690cdfd2ae8a958d88da6ba1b56f94fd38ae3ad9be607a62ba4d26e41da8cc39a680d191048a41eb54f69462a6af9183ec6a1bb8c6d125302b600348783da94e319a67d6802db0e2a4b48f326e3d051b7240039ab51aec5031d28025e9556e0f24b74ab58f973593a9cf9cc60f43da803235c94c99dbf741c1ae7ee0e5ab6ee769ca93c1ac4bc529215f7e2a40a93f4c8cd52915a4621509f7ad1581a4cefc807a52491a46bc702802925ba2025b97a86619418e2aebf392c2a0995580d87f0a00a6a59497e9e9ef4c94aec0f2b6df7a9ee24822dab23fcde95cfea93c9212030c03c628026bebc046d8581f5f5ac59cb96224c8f414ecba7439c54aee9285de06475c53028b1207cbd296372e48efd854f342c07ca09fa55620a02541cfd298115ddbe3e6c1aad0244afbf7e08e7ad69c44ca423714c7d3db0db54f1da9002ce8aa77b8c1e869d1c824750a011ec6a13a7c9228f30e2a6f205b91ce29dc2e69d8caf05d1500633c77aeefc3f730b028e0063ea6bcfac205decece7db9ae9343697ed6b9e464534ca4ced9a2c9ca8a615666e1686ba3100650071542eb5a891f6a6149ee6819a4a368e4e314e3731c5cb11d3bd610bd73f33480d53d4afd85b921816a04686a1ab26586e518159915e2cb3a932a904e0562cd765db07926a6b342db4ae41cd26c4d9d533284c83c528600002b3904e235c904fa55e889d8a5d726a444a1432e7351e0863d69de62e718229d8ddc834012d9120824f4ade830614e2b12d6325871c56d41c22afa534058046314f5ea0544bd6a50318a604bc62971c605357278a781d680170314a05028031400d9146c26b32e1724d6a3f20d67ce87711480c9ba4e0fad5628718e95a7709c74e6ab6d4e771a40653021893d2a3966214e57a74abb3000918ef54aea32ea07207b50073baa9662c57ae6b9bd42c1ae14ee538aede7b740bd3359b716c58e31c1f4a00e0e18dad24d8e4f3d09ad4b5ba951c11818fd6b46ef4e4924f9d3a1aa3240a8f83c63d78a606a417f3676b4802f504d4675b6ced902e077c5530c44654807d2a8cf16f4ef401a6f7b6f23e5f807bd50beb78a47df6eff008039a875244b58d14484b1ebdeaac121dc59588c500294991b27273525c3891546707d2916e5d72d2a071ed5647d92e220cae15b1c734c0a48fb5886ad5b5d5b518345bdd22daf2586c6f8a1b9814fcb2943b973f43cd673db3ab12ca483dea58caa6011c500745e1bf1e78cbc3b61fd9ba37886f6ced724ac208645cf5da181dbcfa62b064d575e6f112f881f52bb9b544944cb78ee5e40e3a1c9f4c0a94a21e8b9cfbf4a725bcc30aabc517021d3fc47af58f895bc4369a95c41ab34cf335d29f9cbbe7713d8e72723a1cd33c41abea5af6af3eafab5cb5d5ece41965650a5c850a38000e805599ed200497f95f1d33549a228c095e3da8b816e3d67557d0d3426bc94e96b71f6916dfc025dbb77fd7048ae962f1d78b97418b451e23bf1a7c5b4243e67451d1776376dff006738f6ae391816c638ab51152406068037a3f156bffdb775aca6a772b7f75198ae27cfcd22100107db007e553683e24d4f4a33c56774f145751182e157f8e36eaa7d8d63c6a9fdec67d6a686152fc35481ecde05bbd21f4085f47f194fe1cd581617b1ca58c338cfcacb8e01038f5ebf8bfc75aad96a163a468d65a85cea91e9c2579afa6520dc4b236e6237738073d7d7db35e57a624914a25c95553f9d74f65751cca1490add87ad3b889c6437a01d29cf187f997ef53c050b8c669c8b8e40c0a431b082ad82306b42c662b32e3a0355c2ab8c1fbc470453add191c0208c1a00eca0659ad55f3ce290e1e329ed55b4572d0143db9ab2bc4b5406795218e7d68a9ee531330edd6a2da68034a04cb96ed53900b511aed8c7bd39464e714010ddca2284ae79ac1b97dcc4f7ab9aaca4cc707806b3a43bba77a00a572493f2f27355e4b71228671961d2b40a05e4f5350c8a01e0e2a40ca914af55239c62a19e2cf239ad3b840e31df3d6b3ee15a3c963b5477340149d59873d07e959ba85d244bb6dd94b773526a17d24a0c718daa0f503ad634a8d8ea49a0073cab21cc8727d6aa5dc058ee4e7da95811d4fd2951c28cb1c8a00cd6864ddca3544f04e465118faf15a6d3ed39d94c96e6231fcb953401496499531c13dc1155cf9ee4aa26493e957963695b38207f3abb0c4b047bf6e49f5a606759594a8e1e6c7d335b452209f281ef545a4666c05c1f5a98330040e7dbd69011bdbe4f2d8a41a64b29dc232e0720d5a8e30cc4ca4281523eb1059feee0656e39cf34014ae04564a3cd3b58f635a5e1eba0f302a300b0c66b22e644d44e78661c56be9b6fe4b291c91401dca442f2062464a8e2b92d7c7d9a5040c9038c569dbea97168a5587cadd78e7154b51315cb967395c77a00c9b5b89e771c1e78e05587b472f976217b826ac5aaa410bb040be84d665c5ecce5800680259d6ce3c038dddbe6a96c8e5d4a82541eb588dbcc9b9db3df356acef760f91b383ce3a5007570b8760476ad088663c8e71583a45cb4cd9f53e95d459a0fb31f979a00a4222cf96152c487b7e153bae3a6296241bb938a00b162ac48254e2b44271c0e6aad86dddb41cd6820c0c5340108e391521e94b1a1cf4e29c5083d2980b19f6a940e3351c6ad9e953aa9c50030f5a5c71cd3f6f34a578a00899322ab4aa09391579973552e781401957a873853553cbf5abd75d6aab11d3bd202b3c7ce48cd5495339ad17cf978aa73a0273480cc9e3f971906aa9880e5ba62b466427200cd529d4e31b4d0065dc44a0925860f4cd665d5b2cb90474ef5af716fbd700e4f6e6b3a5492293041f7e280328ab2bf9722e076355afa3d9929f7735b17b0e54363e95427688c78620fb50064ddb2b8432e76e39a89c247cc67286ada2c4e4a4d861db14347688acb8627d3354053638e9861d29af886156fba09e29b34651c2ab1c13de9d346d345b073839a00bb657aaadb5995867bd5b71673b0656da7d33c560c7b91f18c7e15615a48c6704a9e7a520355613d633c77a92de694e41040aa515cb71b38f5156ede646182db5bd2802668fcde76e6a3581c1c1195f7152472e00d841a9bcd6661c0007b52029bd8a3bfca0a9fd290db491763f5abe8ac4f1c01deacc11295f9ceee7a50065c7148ee3009f7ad0b78963c1ea6ae08142e22183e95095756e4734016ad9c907daae5beec86e41159d6f2608ce07357a27c8393f4c5006e58de86c47360760d5a3900020f15ccc4f8f998f02b4f4ebddcc2398809d8fa5006a459de18d5f8807c03d7d6aac4b9008c11d88ab90af208e2981ada306590823822aeb8c4b9f7a834a1b9871cd5994624c1a6043783e7040ea2abe2addc8e16ab15e7a5006c30c003d2918ec8598d2c9d69977c5a75a00c0bb3be46c727355fee1eb576501013fc5549f9049a004600d57940c54a5b9c76a82e658e21f3104fa5202adc32a02ce703b5655dccf393bbee76a9ae66f358973c76154659369c03c52028dd405bfd58ace99244382a7eb5b2f22ec26a0650c0960314018ff676393d07bd559f28480b9ad49a42d2ed45c81db1511b41292f820e7a6680329449364053c7b55a82c10461a4e5bd2afadab0c2ed0829cb946d8403d85005758228c0241dd50c81e47c85e3b0ab660724b39e2a22521058b0cf6a00aa6121817f94524b3c308c9c6077a8eeae7744486c903802b1a691e504484e07414c092fb519a62c212769ee05505320cbfcccc3d69e0ed1919a7c03cc3b7bb5302fe8c5d7e629c961cd7611045f9948ce3bd6269f63b141feb5ecbf087e1f0d4962d775b8c358e775bdb9ff0096c41fbcdfecfb77fa75e3c6e32960e93ab51e9f9f90e31727644bf09bc00fa988b5ef1043fe8a30d6d6ec31e77a330feefa0eff004ebb7f167e1caea911d63c3f02457b18ccd6c8b859d47751d9bf9fd7afa78000000000e8052d7c054cef152c4fd613b5b65d2dd8ea54d5ac7c7faa48900313b10fd083c106b019a469b6c7920f5afa1fe33fc321ae87d7b428c2ea28333dbaf02e07f787fb7fcfebd7c46d6c91232cc9f37ad7dd65f9852c752e786fd57639a5171660ce8d9d996dc7a62ae58c0891ecdb8279209a96e5503e54723bd1671bc93839ef5de49a96464882ec4e87b5759a5485edc6e38273c573d630c8b80cbc7bd741a72155e9d68025718383cd0012462a49138ef9a4881dc38a6058b3ca30e2b4525e4285155ad90600239abf0411eddcc4d0800bbede050247c8ce2a51e5f2a09a66c41fdea603a376dded56013b4545104c81cd5a5542280202dde9ea49146109e9d29eb81da801ac481daaa5c7cd574907b556b8001e94018f75f7be95105079c55cb95f9cf150329c63148085d72720557961cf23a55f48f3ea28921c01480c5922619c0354e78d8e462b7258f3d41eb5049129fe1a00e79edc8ed9aaf259b4ae3e5c8cd6dc90e0fdda21872c72280398bf8012015202d606ab664445e353ef5dedd5a2329e3359971a72f92401907a83401e6c5d924e738ef534ac8c32a4e4f5abfae6913c12b1543b4f4acb886c7cc9f420d50032ab2fcf918e849a851a442475ab72aac982bda85872b9c8dd401543ee39231565ee636411280147a8a3ece1548901dc7a0aa8e8e1b91f4a0095cbc6c36e2ac4659b04673db1502a390327e95a166d1a28322f7eb400eb3126016ce73d2b521552406c2b542b25ba464a91bfb5471cd92589f9bb66a40d58a0da720e41eb56e28e315910dcca847cc31e956e3baf3186700d006a242ac85908a436e181571d6a189dd86d46c1353890aae0907d6802b4b68f19e0165f514e80a263737d054e2e987c8a01cfa8a05a1917cc1807ae33d6801c42b61b3562029d49e9d2a992c0ed236d4f0e781401b9a55eec658a46cc64fe55be8338604153d0d7236fd8d741a3dc7ca2276c8cf1401d4e8c4e41abd3a64ee15474e011579eb5a7807ad5014ae4640f5150631e9566e86d9315015c9cd0069b025a8bb18b720f5a91579dc6a2bb6f94e68030ae7963556407a0abb709891b8ebd2b36fa7584144397fe54015afa51029c1cbf615877334a58bb364e79cd5db872cc4b364d41159ddde79bf65b59a7f2d77c9e5c65b6afa9c741ef5205332c6c3af3e955ae08c90057476ba24da7b6a31eb3e1cd4e6996c5e5842a3a180f699c7f70739cf158fa5e8fad6ae247d3b4abcbc8e2fbed0c2cc07d48efed4c0a3b408c3363150b798e78184f4addd2f47b81ace976fa9d8dcc56f7772883cd8d9048bbc2b6d2719eb8e3a56b78b3c257f0788b568f45d1efa5d36ce6281e389e4550003f7bbe28038f58633f75707de9043e53649c66bacf02785a7f115beb175e4de325958cb2c1e444489660b958f38ea720e0726b94be49d2e64b69d1e29a2629223a956560704107a107b52020949ddf27cc7dea091b69df2601aecb5bd0acadfc01e16d52cede57d475296e23976b33798564da802faf6e3ad7117767a91d4ffb31acae85f993cbfb2989bcdde7f8766339f6c50056bdbd6e763fe159b3cf2c83bfbf157ffb27569e7bc8534cbd692c73f6b44818983070778c7cb8391ce2a7d67c35af68f6315cea7a36a3630c870af3dbb22b1c74c91d7af1401cdc93b8623a0f5c542412ddf15b9a5f86bc41adc334fa4687a85f4317df7b7b76755f6240ebed50dfe91a969a2ddefac2e6d5675df099a164122faae4723dc53032cc2cd8da339ad4d2b4df2c87914e474cd5eb7b58e35579029cf4c558966c83b4051f4a2e02e595005fcfd2a377448c83f316ef491ee91828dc734f92d8f9a81b00753480858ccdb446849f5f4ad0b0b632f331dc41e948b2c3e70551b476abda6ffaf181c679a006b5baa3ed0b85352490b1830a33ec2b51edd1d4eec0aa575731d98f2f2371e477a00c696cdb92571f8d3ac2dc24c199800a73d69ba85db4a4ec0401dea80965f3563576e6803adb69a279436463a62b5a0b800808001f4ae7b46557740c70ddc56e403e6e9819a00d012648cad4c863ce42806a18b695cfa548884b7bd005b84e4820702af8c18c63d2a94436a81572d883173d7b55008abd4f34a57229cc7b5039ef4008a082055a4076fe150a81dc5598c647e14011edc1e29c060d3f1cf1401cf3400cc60d57b93d7d8d5caa77830680284b27cd8e2a2673e83f2a597ef9c537b5200e73ed4a49200eb494e001f6a008994739ef503c60938353ca31deaabb7cdd6901149173da84830ffe152e013cd42fe6c6c48638a00ad73010481d3355678dc0031c5589ae5f70045486589930c28039fd5ed5258f6e066b93b8d3e172c1d76b7ad77978919ea464d626a16024394c6450072e74a604ecce00f5aaaf6f224801538ae8a56017cbce1c71551d30738c9ee29dc0a90c693290c32474350cd640270bb877cf6ad3b4456947eec8e79ab53daed25a3c327a5203929b8902afdeec2918c8a02b8ad57b688bb19170ff00c26a8cb04a1f279a6010a12a493d29c1dcb0527e86a6484f967390285832a0e0e6801617c64b1e47715663906339e73512c6a080dc0f7a73860df2af1ec2901a36776d13867f980f6abe1d66fde03c7a560ab48718e956ed8c91618bf19a00da8026092b922ad23703822a8da4f14ab866dac4d6842a33c9dd4012189658f95e7b1a83cb78db91c7ad5c8ba1e462a5558e54dacb8f7a00af0b8c81cd6ae9819a65c741ce6b385b347200a32a7a1ad8d3d7ca500fde3d6803a9d3650e8a0f515b29d062b99d365292ae4f07ad74b11062561d31540437aa0fcddc557038ab98de083deaa95c120f6a00d76181c74aa3724927eb579bee67dab2ef650809cf340143549364594fbddeb9cb86cb12725bbd6d4f2649ddc8358d7885243fdd278349814263d4e6bb1f84f732d9ff00c2497b0362583469a58cf5c32e083f98ae3e540cd80726b57c3baa4ba247a92450a4dfda166f68fb891b037523de842367e1ddd5fea1078aa6d46ee7ba6fec0b840d3485d82f5c64f38e4fe75278cafef343f0c785ac347ba9ecad64b05ba76824286495b96dc41e707f9d73fa1eb7268b1ea71430472fdbecded1f7123606ee3debb1d120d75fc23a6ac3a2e97e2ab1f99a1571992cdcf546e41c67b7f4c5301be30bdb8d46e7e1e5fde93f699b6339231b8f991fcd8f7ebf8d3eff005fd68fc6e86d63bf9d2d12f92dbc857223d870082bd093927279cfd05677c59d5aea0d57c32b3a5ab6a5a64426ba86023cb8dcb2b08f8e980a07e55c56a1e30b85f1b0f12fd9a2f385dadc98771db918e33d7b51703bdf0cdc5dd87887e235bd9dccd6d041697f2c31c521558dd5c856503a300060f5af1ebb9ae27b992e6e27792495cbc8eec599d89c9249e493eb5bfa2fc42b9d3fc53abead2e9d05e41ab09d2ead1d885292b6e2a1873edf4ae6354be86e350b89eded85ac324acf1c0ac5846a4e42827938e9934981ea9853e08f8624b1ff0090a4d8f7ff0049acdd4222dfb4a46c0127fb6a33c7b115c7ea1e2fbd9fc33a168f144900d1a5965867463bd99df7f23a0c1ae967f8b44eb16faf47e14d263d6d4af9f7a0b132a8c02029e149031bb938e334c0dbf0adddce97e2df8b7a8dab059e14bc9216233b584cf83f81e6b1fc27ac6a7ae7c20f1edbeada85cdfa5b0b39613732b48c8cd236e209c9fe01c7f8d73d69e34b982f7c53706ca163e2359565058fee7cc72c76fae33deaa683e217d1fc31aee8b0db45245ac2c2b248c4831f96ccc31eb9dd4ae075df12756d53c35a278334ad02feeac34f5d161bcdd6b2b462599c92ecdb48c9c8079fef1a6fc76b9bbd5f4ff05ea378bfe9571a3acb29db8cb360938ed9ebf8d6f68167e2893c15a2c71f87745f1b69de5efb3791773d939c6e85f24700f63c71d7180297c71ba92f755d1ad2f24b637f65a7aadf0808d91cac7263007a63f514c0f2d8e3558c09189f6a7f9058648c0f7ad148226c901703b9a82e08240527152321802a36e03041e94978c010792c69ad918da7f014eb878628b321cb7a5003608199d6590803eb5a86e2dedd3e4e5f1dab085c5c4cbd362f61dcd5bd3e1790609ddcf7a00d9b1b99ae412d90ab516a502ce4b9c020706addb2082d9860648e4d50bcb9403e56cf1da803299482493c0ed50865599481dea79da37f9ba0f4aaaef1a9c91d3a5007476de4a98a48c90ddeb6e26dc5719ae6f4a759e35e7073c5745684205dd401a16c4fdd3deb4608f904f6aca498efcad5e8669154127ad302e11ed53a7cb181cd57b790391eb56ce08005301abef9a7818e69314e00e280248ff0ab29f779aac9fae6ac20268017201a5eb4873de9474a0043fad56ba5cae735658e2a2997294018f301e652633d2a5b950189f7a83773c6452014a9ce452e76a92691588e29ad9ea6801245cf239aaef1f7ab71e29ae99a00a2b9f5a79c11f30a245c360546c48c6471480af776db865455199645f515b4877a8a8ae60571c28cd0073b76cc00c9359ad78e8d920b2f7ad4d4d0c679045644fb4af0307bd0050bcf29dbcd8ce1bae3d6a9b485b041eb56ae2356381c1ed8ac49de7b2bd05b2f0b1e71ce28036ad98a119619fa54c5dddb6ab75354a3c4c0bc27b529b8d832ff00787b5004d3c6aa4ac89bbfda155da08c3654923d0d30dd33c6dcfd6a18ae0963bf803f5a00b8e8ad1f6aab9319c01bb34d69cca72871db149e6b47d467de80125ca905f2454c9760c6556318ee71559ee0330246453c28284a7af3400a8cc5b9e953c6c4601a62a0dbc726950316a00bf16cd8187041ad5d3ee5702391be86b0d3a6d04e6ad43ba3039c9a00e91108e41ca7ad4a9b8f4159ba75d900248494279e2b7ede1042c9c153d28025b28c141e60e7b66a708639327a76a6839e8318ab5180ca14fe14013da1f994f26ba8b06df6a14f502b97b7528fcd6e68d3665d9bb8238a680d04386c5473464c848a91f87a976ee00d302691b6c473581a8485a53cf19ad5d565291ed53cd61dd3ab2e7bf7a00a92b019e6ab3a0994a1e9ea6a7619e4f4a6b8f9781c520332780c47007e355c961f5ad39791b4f4aa534396c252029b8dcc7279f5a48a6ba80b793732c0187cdb1cae7f2a74ca211ba4fc85645dddcb2b909903b0a007dfdeaae42124f73dcd634ede6b1ce735348ac5be63cd45951ef4010b4611791c9ef558caaac73d69f3cb2313cf02aa4a09c1c939a0064b2ec254e48ed51895f2188fc290876721ba7ad472bbe76c7d7e9401624b920601c3019a2de49653b54b373cd32d6ce59242d20c03ef5b765045026022fe54016f4dfb5d881e5dd4d1871f38490a823df1d69d3c86590019c03ce2993dcb08c7ca2abd9b9698905b07ad006b22c6ca1579f6aa776503055233dc9ed5604cb6ea48fbb8e4f7ac3967f3a42fb9b693c0a00b53dcdb22e232dbf1c9c5526612ae402cdea6a07951414032cddc0e956e3fdd41f73e63d73400e8b0212586e3e9572ce7118c676f7c564a3baceb9276e46466aeea17116f0235db91e9d680345f51692231a038e95952798b2162df854b6b911313c719cd44aad238cb027b5003233b9c29efeb4d9e355979e9560c6a872dc54176acf22ec3ed401a1a1382e12353c3575d6f117da49007bd731a1db4a9711b01c13cd761046fb403d3d280258a15c80083cd58287b0a7411a80302a503ad00496406f00f535a089938c8fceb3a3ebc706acc41f78e0f35405a5450793cd4984f5a8c2b11c039a0a36def9a0095557fbd53c5b33d4d54547f4fd6a7854eea0095b6eea06dc52321cd2a8a000ec278a8e6da1491536cc0c8aaf72a4213401973fccc73d33cd40c0678153c9d334dc023b500563906979ce4d4cd1f39a478c63229580859b9c0e29fd4537cbc9a5248381d6802b4990f9cd452a92b8ef5665fa7351478c73d69010c276fdee3d2a63c8351cf1fce31c501c818248a00a5a840ae086506b9dbdb4642481c7a575441727a552bab704f2a08a607177113ab1c0ac9d4a37742a30735d7dfd914cc8a32bdfd4561dd5be1b18c520392d3b539ad26f2a6638cf5c56f8b9b7b88b7001b3d78ac9d734d2c3cc8d06e5cf4aaba5484360310be86981bde42800038a82e6da556dc00d9f5a6cb71ba5dd1b1da3839e3156adae6398f96e7e9401523400152406a7ac4cabf336ec1a9e5b65f3329d6a38c4a18a1c9cd20152285d70c006ec686867857ee8c1e98ef4e008e36e08ad3b101c857c1f63d280331240ac37ae1854bf7b9518352dddaee949888c8ed4db71b410e4820d003e0076e5979cd598d4bc9c64d470e49cf181572071bc0da3f0a00b565104c16ebdab6ec6e5906c6cecef58f1b1c8e38ed5721908f941eb401d0420300ea72a6ac20c10456569d71e5108e7e427a56ab9f93721ce7a5005953bd768fbd57f497d97095956c48605bad6a5a8f995c7e34d01bd38c956f5152c446c1511f9add0fb53a2384a6051d51f74afcf7c563c81836e3f77d2b4ee7e67663d09acfb82307d8d0044464641e298e3b5319f69e3a5233023703c7a9a57023902f3919aa3793a45950493525ddce4ec8ff003acf9d900cb727bd202a5cb3ccd96385eb5465c21250824d599dcb6421c55390639c734015e6393f31e48aaee98886d61561864fad5490024ede82802bbdbca5b81c7b1aaf312a00d9561e5b88ce13249f7a9ed2066cb5c807d05006608dd80f93f3a9ede0891f9504fa9ad529148366d1edc529b6854e1464d0032c2cd9ddbd07353c9004191f311569716f101b4f3dbbd31a5558f73055c7ad0065dd4170e473b7f1a96de1f297834935c976c83f28a6bdcfcbb9338f53400dd4656ce01c71eb5948ebbb0b963edda92e66796e029efefd2a6b2806f076e0668022480a3799275ec2a569496cbb13535d292fc741df3551d9189c2e7d6801f1a97707a806a49191a441d7eb4f6016005462996288cc438cb03c5005e8d7f70727ad4301fdf06f7a9c0db1328049349a75b3939940c668022991e77c46323356e3b139591c70393cd5f8218930140ebd315a32c20c58d8a0639a00ada6cbb664007c80fa574906f765c72a6b9fdd0dbc5d891d38adcd26e8c9121e9cd006dc110118381ed48d1e013c5490b8f2c6f34f3e5ba9c1aa02ac63f7a2aec6ce0e73c557da14ff005ab51ae6306802449896c74a5666cf0698a9f374a9369f4a0058dcf4cf3566339c74aaa5707deac41cfd6802490907ad22f4e4d39c700e29b8e28011d8838069928cc473e94f71cf4eb4c71fbb6a00cb6423f0a5da3d2a50a09e4d38aa01926802ab0cf7a69ce36d4ec507419a8f7a67a5004246074a601f3e6ac3bc647a530c609c8a0089a2ddc8eb552486457271815a01b6f1de8621d718c52b019ee32a33d6aab13820f5ad3921039aaaf105cf19e6802a2b10c714ac9b94f7a8a5241e3822963959947340104b11c30c039ae7b56b36e1900aea1d88e7b551bb8c1270073480e36e201b016fc6b98bbb736b3e400aadd2bb8d56dd9093c60d735a941e7c6720065fba4d30338605bb06739ebf5a65adc05906f6c7a1a8d66f9cab8e7a521894b6dc7d2981b96f23b8df9ce2982e42c80b641cd55d3e77837249820f4a7f9b16ec1eb480d246573b8f24d4d182ac0e31f8d654523c4e0ae58673d6b4209d64c6e279a405e4858b86e8b564c1048366c018f7a843b08d763923bd490cbc8dc0f5eb401135a4d1374f93ebda962501860f19ad5b578db01fe61dc1a65c5a46cc5e218ff668021471c62ad4528000c7354d808ce083f4a779c06d20002803512440a19b8f415a5a55d333ec909da7a7b573d1333b825ab4acf70c127a74a00ea51318239abf61f787a565e99389235462770ad4b71875c7ad3406fc63fd1d703b50980bc8e69f080d6ea3be299d38a6065dd392c476aa52e3156e61966c554b82b147bdcf1e94015250aa0b3f005655ddc9248524267a7ad4d7b70f2312090a0f02b3a6dd8249a40234cac485c822abb6e66c1c9151ca5c36e5c8a6a4ecad9638a403265f2ce5aa95d4a4af19eb575d84990c4d42b6ad2b9da381eb4014d18ac478193de912d9dd70404cf7ad2fb2a21e464ff2a411b96c63228029c76e91a9e031f7a1a2cae07073cd5910caef851f954cb6ec799781ed401982d651d39f7cd5981044c37f27deaecb2c70a00075e95913cf23b16236814017ef678f97c83f8573d7b2cd2ca02b1553ea7ad31a679653f336d1ea69d02995f78f9b1d01a002381cb805ce2a7bf11c21221d58738a50cf1b0278cf6aad3319aeb71c903ae7b500451da179c6d0307b935d79b0b386ccee440769e4572914db5c94cd3ef75099976991b0074cd0053b82f2ce5558edcd222a29392714cdcc982a7934e439938f9b340174cb088b66dc9ed53e936ed24c1d97033deabc36c0ca0b8e4d6ddb148d3206314012de8b7813e441b8f3d2a94b29d8021f738a49d8cd2172781d6a95ddec7092a9f3311c6280372c182c4249704a9ce4d36fb53676fdd9602b2ade49a55192c73dbb55f86c9e4c13c7b500244d24b87604ee3debaaf0fc3fe8cadef59b636231b48045743a3c3e5418e8326802f20e304d04ed3c71522018a4917b8154030313d4f157adf263001aa5b0923a568db0c28e2802445e7269d8e73fce941e318c529c13ef4008466a5b71b79a663e98a922e4d004c412334cc53c7dda4231da801846460f5a63ae14d398e1b348dcad00663b618e38a899b9cf27353ce98909c77aae739a0043dc814c2b819a971de9251b538a00a8f9cf1486661c1cd6dd86950dd786755d55e47596c9a208a31b5b7b60e6b0a58d81c382a4f3c8a4c091250c704f352c6b91c7354d237392a18e393819c0ab56e4aaf5a0057538c1e4d412281f4ab2cce007646087a123834d9407385e49a00cc9624639c006abc90b2105457456ba2bdce87aa6aa6511ad818d4c657962ee17f0c7358e49ce45202a91b97a544ea4101d41ab5220dc30719a6ba965c37dea6073dac4259700735ca5da10718e2bd02e220ca43006b9bd52c55b3b4006901c25f42229c803861c556766593e6fba7bd6f6a96bba224a7cc9c8ace8e34923daea334c08633b997272a7f4ab2f6cc24c82307a545146223b5d7bf6ad3d8c6004ff0009a00af0e5570c2a48c8079e2a511ab639c8a924838dc17a73480b369390a1471cf7ad180074c85ac48246dc335a51dcec45553b49eb40179182b0c71cd5f86551192739acb8a50f807926ac6f1bd573d074a00b6c239d09206eec7d6b3a689965cb7e18ab91e76f1eb536d0f80cbc11d6802adb738c704569db96db8fd6a25b3588090b7cbe829d1bfcd851851ef401af632346ea7278ae9b4f712aa118ae4606e01ae8bc3b27ef42e723069a03acb33f2ed3daa468fe635059ff00ace7b8aba3038a6073f7bb622ce7d6b06ee63248c4e48cf03d2b5b5873282cb9001e958929c03de9302acbd09aa739f96ae3679c555988ee29014a66278e95465566240ce4f6ad3642e7083269e96ca8376d05bb9a00ceb781f833138ec2ae87da3681c76a6cbbce48f5a8103963cd003ccbd40c9a5420f278a895f93c7e3533ed0028e4e3ad00488c5773938154afef5f6858f39269b753911e14f3deb2e6b92b2f3dbb0a00269640c0b92f83c5569e6924f5c7a51e7b48c4b60014b01063210e493d68023658f0111704f5357ad2258a227180066a185551773f5f7a9526678fe5385068013e59d727e42077aa4c615dc8b9c9e94cbd94ab151d2a9c6e4b2927814013c80c639e82abbb82db87a54cc5a522345c8a7da58b990961c50056b48e497af033d6af471ac6b80063d6a7581f76c542c2af2e97248caa76c6be940152cd95f23927b55e78cc56e5e4c8c568d869f6b67f3310cdeb8a76a0e26c208c1068038fba9eeae0325ba9453c649abfa168124922cb7072a0f7ea6ba4b3b08063312024fa56edac28a0108a31db14018c9a72c40044000f4abb6b64cc3eed69360b8e054e9c1a008adac8aae5b1f4ab4802e14718a746d85f6a71507914c033814bbcf43cd37be283f785302d5ba64871820558406a3b24fddf079cf4ab8b11c76a006af23a5039352888f4e2944673d45004669f093b8fa50c87d054912107a8e6802414a4538291e94eda31d6802ab8ce6906718a9a44049f98547b48e49a00a3763e627dea8c8e43115a9798c015952821ce3a50026f3c0a598e540a6a8ec70050dd31401d6783af1f4ff06f882ee3447923680a6f50c0316c06c1f4241fc29351beb9d73e1ecd79a9b2cf756b7ca91cbb406da546471f5fe5e958d61aac56be1bd534a313b3de34455c1e176364e69b6faac71f856e74630b9926b959849918000031fa5023b9d461b9d124834cd23c43a46931411aef8e4c7992be3977ca9ebfcab1f554b47f17e9b3e956d65aadc4c81a7b7b76fdd34a3393ec3bf3e9cd537d6f45d4eded9f5fd3aea4bc8231179f6f205f35474dc0f7f7155edfc510da789a0d4ad34a860b4862f205bc7c33263192d8e5b9ebed4ee076fa00d5eeb549acb5ed5f49bb8278d835846eacebf801c01d3ad72be18d426d37c09acdedb051711dc45e531507613c6e00f7c134cd17c4be1dd0b54173a4e8d74c64c891ee2605914ff0a01c75c7279c0c77ac64d5e083c33a8e9090c84dd4e92239230a14f43ef4ae074ba0f8af5a97c17afea0d7a7ed36d243e5b9893e52ee03718c1c8f5af3991769f51eb5d078735ad36c34cd4b49d56d6e26b4bff2c96b760aea50e475e3d3f2ae6bcd2a707919e334980330e33ce3bd3e5f9c2b0e2a061dc1e2a48dbe4c11d28190cfc373d6b2f52b63b778190076ad59f93daab162ae51f906901c9dcc0ae487e84573d7569e54bb01182335db6a36477663c631d2b9ad521c1cf465a00ca4210f96cbb8f6352dadc28728d9e7b1a7ecfb44676704540c044c378191401a312a953802a5b5995f744e0fb1aaf66c772b23f03ad492e09df1e0e3f4a0059e1446c8c0a6608724b718eb531612c381d6aa6f21f630fc6802582eb6be0e6b42d65dee013c1efe9594b182d907bd5a8438c119e0f3401be870a003923d2acdbf6ddcfd6b32c27ecd9c1ad25c9c10723b5005a450c76b720d47340d0bfcbca9a96304904d580430c119a008ad98f1e9e95d06940c48add09e6b1a083fd203630839ad8b76f9862803acd35c4811bbe39ad202b0b4394091473cd6f62a80e4a73ebd2b1afd0a3ee0720f4ad5989638fd6aa4e818156e7349818d2163d09a7c76cd228662003d6adfd9fcb73bf07d0539880bcf6a405428a99006055795b1c0e2b41995970702ab4b1803a6e34014998e3071504ef1a273d7da9da84a211b40cb9fd2b35229262598fe740126e2e7247cbdaa29a7f2622492067a54d72c96708dc326b1aeee5a66e9c75a00592ec13d4e6aa484ac9bd8f5a63b00781522e653f77b50024884ae4743c8a9adb112e6a232960235fba381515ccc5c1032a16802c4f2acbf2af18a6b4c12154c9e7ad508657407be69b1899e63dff1a00927930c7a9e30334fb3b6f3b9c6d02b734dd1229e1324ac011d01abeba7ac68102a827d280322cad5939503afa56bdbd98f2cb301eb815661802aed0055a58484ebc50050821d8a4a8c669ccfe58c919356ca331c2814f8ec4bb02e47d280218207906e6273531b6c30c72456ac30a210b8e9cd2187e62ca38a00ab676e41cb7357b05549ef53dbc5b53381448992334010c608e5aa58d833d294391e94f440a3de980f7c151814f89b8a66c2450a841008a009c0dc703149b30fcd3a31b48f4a59b8c38a603e038718e957a22491cd53b5085773e4fb5694022c0f968018e086eb48770ee6ae155c671513143c63a50040a589eb52c64e464d1f2e47bfb54d850abf5a007ae78a7738a700a0038a5247614015a4049a8a452055b0473c547315c1c28a00a1337cb59d21e7af157aec90bd3bd502a5db19c0ef400c7618eb4a0f03a53dca938038a89c630450034fdeeb4b18c9eb4d2486e9d69e40c0c500129e3150311bb1533f2bf4a87a3138e29302300eecf4a4720ae69ec4019c726a07e9834808ee092a08ed55e4cb0e3ad59906149aaec081401123329c1e6a7dc3660543276229aa1890071eb400e973deabca73823b54ce70b50bb80b8eb4015ae18b1e0e08ac9d42dd6e2224001b06b624404e4103daaa4f68c09700007ad007053799672ba16233c8f4aaaf73bf0cff0078575daee9a6583242b15079c572135abc72ec3c13d29a02dd95c2ec651904f4ab89232a7ca4e4f5cd73cdbe3941c90073c5695bdc700be79e9401a30ce636191f5abdb609a02c7ef1e0554b531caa49c13d29cabe5b6d278ed480904022605b91e95644ca070b8c0e82a0599b985b07d0d2aa8c1e4e6802649b23711819ad0b0bb5570adbb6ff002acd0a76ee51f5a9602072464d0074f16180756c8ab300cb819eb589a64ecb22a1ced26ba2842aa023a9ef401721550823032a7bd4880a301f954702e0035631b8633401a1a6bed9908f5aeae36dd1ab7a8ae32c98a38cf51d2ba6b09f36cb9ce6a901ccbb649142a67af5f4a746a06188ce7a53c838c8ef40114b1865c37e154a688af4e466aec99e99e6ab4cc114eee477a4c0cf9d7939e83ad675d5e04ca464fb9cd4d7e5a62446c557354a3b70643b88fa9148048d8cc7e651c77a8de554cf1c8a965e1b6467a75aa17ec4aede41ee68029de5c097713d8d67c872300e3d6ad491b104e720555914746f4a006408247c31207b8a9a755418073ee2900c6171838a688a5b870a8bc2f39a00a6ee7276e73562ded9ee0fcc40502b62cb4800ee6c16f715a5069ff2e140fca80306d6c7cd230071ed5b3a7e93b1fcc755e7dab56cac163cfca33deaea4271c500507888185c0fa0a9560dc0927a55ef202ae4e3340428781d6802086d55572c46efa538c3b9803d3d2a6f25c9e0f1532c5b0e73d6802016f8c600029f147890558087f1a9235c373d69810ece33d2a48130bcf73530424f1d2a497688c71cd160114aaaed2698f1eee4520038cf535320f94d30230318534f45e7b1a08c7d6a5853273d68010a9078e285424e4d5958b1c9c669c13919a0085571d69b3a9236fad59c01ed4dd819871c50032dd09400f0455c8c10319e94e82219cf735298c03400a8495c1eb50c990e6a65e1aa394649a0062925867b558470463d2ab53f773c5005d56c8c528f4cd456e7a67b8a9e80227f94544c0938a9a41f2d45ef40146f10f96c3afa566e7238adc9972b58f2205908f53401093cf34ac38029e473c1c52330071c6680226421b248a6338071daa791b09d7eb55645dc7838a404a597cbc0a843601c8a4dc57e5a64dc50039cfca0d46c37282290b719a3395269011ef2abcf3552594920fad39dfaf38a8246e33400c2c4b75a7b9cae73834d7e81bf4a57fb8318fa50035cb2a0e7391cd559a4e171d69ec081cd57b8600671cf6a00983ee23d6a5523cb656e0f6aca499958e6ac4771970ac720f43400b3479051f904572dae58142594865fa735d83c5b978359b77083953cd00718d076650df5aae55109cafdde45754f6a0364a647d2abdd6981be6503047208a00e7e3b83e7ab292bcf4cd6b4722b819e0d539ecf0d85001fa53a2468c1dd934c0b6622afb81ce7bd4b103bf839345a30750a73ed56447b5b76334805524636f1eb5623db2380170deb4eb7852461d455f104491e1580fc28016d91517683927ad6a69d318c846cedfe55970a28ee722afdbf4073f9d006fc632011d3d6a551ce7359f637215846df74f4f6abeed81c77a00997e6604755ad7b576108eb5916a0865f5ad6897280e7ad5019e0ed3b7b1a7338518c73448bf4a612aa996fc280124758d77b0c9accbc94c9938da09a9a77dec467a1aab263241392690157ca07927350dc4e81760e838ab372c22f957a9aa12211c8e73480a7312ae4a9fa567bcb92773126b4988c91d39accb98c2967e3af4f5a00acd3b2e7818aad25cfca58a92c4e00156ecec6e350976c6bb57d4f4ae9b4af0ec16f8790877c75228039cd3b47b9bb22695bcb8f1903b9ae8ad34d8e150001f4c56dadb8ced51d3daad4567b3e661f4a00c986c8c8dd947ae2ae0b68e34c015a0212dd300548b6e3bf38a760284501ce4d4a90f7000abde52e00e0535978c7068b015bca07b0a61419e83356c467a8e29047934015d509079142c7ebdaad6ce7a714be58c700500560b8fc6a58202c4f38a788c13cf6ab38da4014c08bcb588606093deabca0bb0273c559932c698ea78e280202a3352458e78a76077a9218cb1f6a008d572dc01cd5c8936a834a8813b54b10e09a00605e73b69db7bf143be0d46ce5b8cd0039978ea29d1a80b55e427200a96172060d005951ca91530049a8adf9e6adc6a0f3de80230b9c9a8dd07356ca802a37eb40149e323a014cc1dd574e08c638a4d8a4f4a0065b038e6ad2fdda646a00e2a6032bc50046c3208aaeeb9e9568ae0d4640068029c8c14e3a7159574e11cb67a1ad4bb00127a66b12f8fef0f3c500383abfcd9033480297eb59fe72acdb70466a557c64834ae04d213bcd37bf4a884dce1b8a994863f8500472a866cfa54139390ac2a79320d36750c074cd202b67ae4534bed18e99a64c5909279aabe66ec9cd002cef9c8a817fbb9151cd264eec1e3ad573390770e2802691b0d9cfe14be66e70b822ab3c858eece0d3e29897cfa5004d720f97907a55091bcc520609a75cdd92c7ad578492dbb040a006ca197208c8a8e3389064f1572705e33b73cd5782162e176f7e68034ed9f116c3d3b54526d66e569268e4846296dd43fde0035002aa2b300460fad2cb6db4640c8ef53b40c064a9fc29c8e7a30a00c5bcd35598cc98e3b62b175888c5b08e01eb5da3260861c8f4ac1f15d997b632c63a0a00c3b37659170df2e6b6a353260f18ae6ed4ec2a1c9e4d6cdb4b1290aac4fe3401b2916c8b70e946d120049a6c3705adc260eda603ce45005a8930719a9d1b671daaac6096041ab009c0245005b8480324e3bd69e9d71e6feec8e4743ea2b11496c01d3bd5eb47313ab771401d1dbe3d2b460c08c66b32c9d644571dfb7a569c27e4aa022b82b1a17380075ac4bd9bcd6ddcf07802adea12991ca8fba2b3dc7524520237937aed03e6a5b60a5f2cdb40ef503821f2324d453c84aed1d73ce2801d76cbe6311c8cf5acfb87661b573534eebb403c1aa979fe8fa65e6a4ea4c36b03cec07521549207e548086e498b8e807524e00ab9a6e8f1dd0133cab221feef22be6ef06f87fc45f1a3c557cf7bae476a96c8247dca5c44ac701638f238e3d47b924d6878c7c0be32f83faae9dabe81ad4f7b15c49b164b785932e39d9247960c08e9c9ce0f4e2ab9447d4f6b691c5180aa06063a54fe50e959ba0ebd6b75e0ab1f126a8d169514d6b1cd71f6a7f296062002ac5b18c371cfb54a7c5be10b7d19f5a7f13e8cda7a49e535cc7791bc7e6000ecc8272d820ed1cf345866c416c11738e69ec99383d6a9681e29f0debba6cda8e91add8de5a41febe58e6188bbfcff00dde0679c550d1bc75e0bd6b54fecdd2fc4fa5ddde670b0c770a4bffbbfdefc33401bca981ef401cf34f9195119dcaaaa8c924e001eb5c7dd7c50f87b05c1b67f17e906407076ce1973fef0c8fd6803ac6f5a66cc8151e997967a959c77ba7de41796d28cc7341207461ec4706be65f05dc5c9fdafa780cf298bfb4efc6c2e76ffa99bb5023e9fd8714e54c03d2be5efdabae2e61f8bda24714f2c6a74c809557201ff489abea62a074a00882e691f0a3248000c927b550f166b767e19f0d5febda8122daca132b81d5bd1467b92401ee6be5ad0b4df1ff00c7bd7ef2e6f356fb0e8f6ce37673f67833caa24608ded8ee79c753d051603eb3b5686e32d0ca92a8382558119f4a9e518518c0af933c7bf08fc5df0a2c078bbc3be2692ea1b67513cd6f19b79620480095dcc1932403cf7e46335efdf05bc5d79e34f01daea9aa5b3dbea11b182e73114591940224507b3020f1c0391da8b01d920e0fbd35803c638ac5f1278cfc27e1bb85b7d73c43a7d8cec32219661bf1ebb47207be2b43c3fabe8dafd9fdb745d4ed351b7ce0c96f2ab807d0e3a1f6340cb691127daa78d31c57cb3fb65dc5c5b78eb47582e25894e980908e467f7afe95e81fb644b2c1f0c34d786592263ad44094620e3c89fd29d847b4b0c01f5a693b4f1deb84fd9e2479be0cf871a4667730c84b31c93fbd7aef5d7e6148635d727ad34a8f5a9318af9ebf694f89badda6bf0f807c1f3cb0df4a116ee6b7ff005c5e4c6c8508e5490412473f30008e7208f7b79a0132c4f346b237dd42c327f0ab2a9e95f2f58feccdaf5f699f6dd57c576d06ab2aef680dbb4ca18f66977039f5214fe353fc07f1578d3c1df138fc39f138bcbdb2f3bece41dd37d91c8fddbab7511b71c1c001b3c60e5d80fa8a15da3ad5a849aa3ac6a9a568da7b6a1abea569a7da21c34d732ac680f61927afb560e95f143e1cea17896769e32d1de77384569c26e3e80b6013ed4867604934d61c60d175716b69672de5d5cc56f6d0c66596695c2a468064b331e0000649358d178c7c1d73a6dd6a56fe2ad127b2b4dbf69b88afe278e1cf4dcc1b0b9c719eb401abb79a72ae2b07c2fe36f07789ee64b7f0ff0088f4fd4678c6e68a2946f0bebb4f2473d7a5744ef0c303cd348b1c68a59ddce1540ea49ec2801aa2a65076d7187e297c361a87d88f8d744f3b76dcfda97667fdff00bbfad76704b14d0a4d0c8b246ea191d082181e841ee28002339a85d6b1fc55e36f08785e5487c41e22d3b4e9dc6e58a69c0908f5da39c7be2ad787fc41a0788ec4de683abd96a5003867b6995f69f46c7dd3ec79a009278f72d645f5b03cd5bd7bc4be19d0648e2d6fc43a4e992caa5a34bcbc8e12e3a64062322b16ff00c65e124f102787dbc45a60d5242a12dbcf5de4b7dd5ff78e460753914011dc59e47a63da8487118c7515aaf182738aa37d7167a7c0f797d7305b5b4632f2cce11147a927814ac043e466a4589829f4158169f10fc037d7cb676be2cd25e7638553701431f404e01fceba6d42f2cb4dd39ef750bcb7b4b58d419279e4091a024019627039229d80ab24b0c680cd2c7182782ec067f3a95e33b457c7d746cfe227c65d493c49e2b834fd30dc5c793772ce9e52448c446885885008c7d793c935f567c33f0fd8786fc11a6e8da6ea0351b4891a486e81044caec5c3020904618608e0802868468bc1bc618556fb12ac99c673587f1abc5e9e09f045eea16b77a72eae517ec56d7320dd2e644562a9905b686278f4e78ae63f670f1ac7e20f0bcb1f88fc4b6971af5d6a3298ede6b94599976210123c821786e146383ef4580efa6b1461d07e555e5b04ec07e55e03692dc0fdad64b6fb44be50d4a51b0b9db8f25bb57b7ffc271e097d53fb317c55a49baddb760b95c6ee98ddd33ed9a5602fa5846072327e94efb0458e062b5442ca304573baff008cfc21a15e1b3d5bc45a75add0fbd0b4c0bafd40e47e345864a74b889ce3eb4a74e8c0c6462af6977b61aad9adee997d6d7b6cff00765b7903a1fc47153b46339a405082d91380a2a636a3770a00fa5789fed7324d6da77877c99a48c99a7cec6233c27a57a9fc256693e19f871dc9663a743924e49f9453b08d2b88371ce2a016cdb80c56c4b1f391c564c9afe80bab7f641d734c5d4b704fb21bb4f3b7119036677671cf4a43268a261f29e6a46b6c3741834dd4b52b0d2ad4dd6a77f6b636c08532dcccb1a027a0cb103353d86b1a5de698752b5d4acae6c15598dcc53ab4402e771de0e38c1cf3c62980cfb171d063daaa6aba648f6c760cf1e9562cfc57e15bab3babcb6f116913db5a006e668ef6364841ce379070b9c1c67ae0d1e1bf18f84bc4374f67a2ebda7df5c2824c51ca37903a903a91ee28b01e77ab6992dbcccf8f7db8aad6ce54852704d7ad6b1a7da9b792e2778d23452ccef80aa075249e82bcd5351f076afaa7d8747f13e9b35e13b5224994ef3fecff007bf0cd004f63232b0566e2adcdb5086cee04550d32eb489af9acacf5ad32faee3c978adee51dd4038395049183d6b64da9f29949f71480ad139041078ab89703cbc30ce6a8f946338c6452c61b786ec7b5006942db546067356a06248cf1f8d52b7248c55d85410280363499bcb982b72add6ba485331823a571f68d8603906bafd2661f608c3f51c53406232926aa5c305caf5ab72e154e6b3e72031c679a00acfc1dd558bb292c3a54f23966da064d5eb1d3cb10f275eb8c52029d969ef70e2690617a818add86c6192d9ede5895e27428c8470c08c106ac5bc002fe1547c67a6ea5a9f84355b0d1ef25b2d466b6716b345218d965032bf30e4648009f4269a03e6df16fc0ff001df84f5c9356f025ccf776c09685ad6e7c9ba854ff0009e46ef4f949ce3902aae99f193e28f833508acfc5b632ddc40f306a3686098a8ebb5c004fd486abbf077e325ef836fb52d13e2036b3781e7cf9d33b4b3db4a3e56560e73b781d0e411d0e69ff00b42fc5ff000d78d7c330787bc3f637339fb42cf25ddcc41366010150649c9cf24e38f5cf1623d57e2aebda678a7f66dd5bc43a4bbb5adddac6ca1c619089d15948f50411f857967ecd9f0bf45f1c785eff0053f12497971656f7ad05ada473b4689218e367938ee418c7fc079cf18eb1bc3ba8f86bf63ad46cb558de1bb9a2fb4b42e30d107b842aa47638c123b12456afec5c33f0b7523ff51b97ff0044414ba01e1be08f0736a3f1a6fbe1e45a9de5be96d7f736b78d149b5a682dd99b04742498c6320e09ce38ad7fda3fc09a3fc3af10e873f85dae6d56e626900698b347246cb87563c8fbc3f115b3f0a87fc65e6ae3fea29aaff396b4bf6dcff90af85ffeb85cff00e851d3ea07ad7c45d0f52f1bfc2f82ce1f10c7a18ba8629efae1a3cabc7b32c84ee5daa49049f418e86bc2b57f0d7c0dd03c1d358def89db54f11ac0d8b9b091e45336380a14797b41c0e4e71debadfda8a7d5a1f83fe148ad1e54d3a7f296f766406611031ab7b70c71ea07a0ae5bc35aff00c13d27e18c423d13fb47c5b259989e1b8b47964372cb8dcacc3cb550c7236f2001c66920377f628bdb963e26d35a466b6416f32213c2b9de188fa80b9ff7456278247fc664dc0ffa8a6a1ffa226ad3fd89648d35ef135b48c1666b781821eb856707f22c3f3acff040ff008cceb81ff514d43ff444d400cfdae3fe4b2685ff0060bb7ffd289abeb0d95f297ed7631f19b421ff0050bb7ffd289abeb3c50c0f22fdac1a58fe0d5f2c79daf756eb2607f0f980ff00302abfec811c23e11868c2ee7d46632e3fbd851cfe016bd13e22f8621f18782f54f0ecee23fb643b63908c849010c8df83006be60f85be3dd7be07ebda8785fc59a1dd358cb2f9af0ae03a3fddf36327e57560a075c1c0c118209d00fafae0208f2f803af3dab97f899aebf85bc03ad6bd12869aced59a10c323cc3f2a67db7115f3e7c67f8ef0f8dbc3afe15f0968fa8c297eca93cb70144ae339f2d110b7520739e9918e6bd17c1df0e3c4b27ece9aa78775abbbc9b59d4edde68adaea766fb310018a1193f2f2a091d8b1f4a2c078a7c1ed2fe1df881f53d77e27f89b17725c158ede5b864694919691987279381c8e86acf86f55d1fe1e7c7ab05f04f880ea5e1dbe9a18663bf70f2e43b591ce00250fcc0fd3df31fc11d57e1968c352d0fe28f87d12ee3b92d15d4f6d23b478015a2755f9970572383d4e715d8783b5bf00f89be2c5be81e0ef855a7df69eb3ab26a0cef13c51ae0bcc5707001e80e09e0704f0c0cafdb5463c7ba2ff00d82c7fe8d7af41fdb44e7e1869a07fd06a2ffd113d703fb6d0c78ff451ff0050a1ff00a35ebbefdb4571f0b74dff00b0dc5ffa227a4075bfb38ffc917f0e7fd7093ff46bd7a113d2b80fd9c067e0a786f8ff0096127fe8d7af42c64d2018d823a735f21d81173fb60b9be19c6b52edddc7dd46f2ff0092e3f0afaf24f9467bd7cbff00b4a782f5dd03c710fc4df0dc123c21e29ee5e25ddf669e3c61d87f70855c9e99ce7a8cb407d3d08ee6a650a5cedc75e71eb8af9eb4cfda87401a207d43c39a98d5847cc50321b777c7f7cb6e507fdd38f7ae5fe09c5e32f89bf1ba6f1bb4f7da66971dc09af24826748d950011db0231bf80a187a649e48c9603d2bf683f87b078a757d3358f1178f2cf43f0fd9ed8cdadc011824b6646572d82ecbc0f97b0af0ff8d961f05ecb47b68fe1e6a37771ab473059c032bc2f1e0e4967006ece31b78e4d6d7ed357047ed096d078bc5e49e1bb716ad1c509209b5214ca53fda2e2419e0fca0678151fc72d7fe115d78320d0fe186870b4e93a5c5ddfc762e86189415dad248379cb3a7b671ce48a680f60f025f5cea5fb1c5cdcddc8d24a3c3ba943b98e4ed8c4f1a8fc1540af1cfd977e1c587c406d646bf7378746b0785cd94331459e660e03311cfcaa0fa1f9baf5cfad7c2b96297f62cd416370cd168baba483fbad9b86c7e4c0fe3587fb080ce93e2cff00aef6dffa0c9401e6df107c356ff0bbf685d1edbc373cd1db8b8b5bbb7591cb322bbed68c9eea70c3fdd3839eb5e89fb6e78aefad2db47f0859cef0dbdda35e5e8538f35436d8d4faae43923d42fa5737fb528c7ed19a10ff00a6165ffa3deba4fdb8bc2b7f3c7a278bed6dde5b5b68dacef19413e565b746c7d0125c67d703b8a00da9bf662f0b37807ec70cb74be2636c185ec9707cbf3f6e7695008f2f771c02d8ee4d6d780b47f14fc19f837e226d7f53b1d5134e824bad3a380b911b153fbb2580f94bed3c0e32d59d3fed2fe0e3f0dcdf453cff00f094fd8f6ae9ed6af8173b71b8be36797bb9fbd9c76cf14ef86baa78ebe30fc18f1527892df4f823beb77b5d2648a1688cd2053966cb10537ec1900721fd31401e23f07ac3e1ff008ab54d63c43f16bc5245cc930f2e196e1a369d9b96918a8ce07000181d7d2a5b5d5340f86bf1df4dbbf87fe223a9787ae5e1170049b808a46db244e700315c6e04f4cafa134df81fa9fc34d02ef56d07e2bf87556e127fdd5ccf6d248d030055e2755f987201180792738aecbc3baf7c37f12fc56b5f0cf82be12e9baad83cc9b6f9dde06441cc931520e117a8ce09c63a9028115bf6e518f167877febc64ffd195d6fc2ef80f6ba7dc787bc71aa6b97977ab0db7f7303a2b233ba1206ece72acc0eec9cede83391cb7edd831e2cf0dffd7849ff00a32bea1d313fe253680ffcf04ffd04526329100039eb5f2b7c6abfd53e20fc6db5f87d6b7af069b6f70900503e5dfb7749291fc454640ff778c64d7d5d321e40f5af943e33da6a3f0e7e3ddaf8ed2cde7d3aea74b98c8e8cdb364b167b363247b30f434206759e3bf803e14b7f045ecfa0fdb60d52cad9e749649cb89ca2e4ab2f419008046304d67fece7a89f883e01d73e1d7896e6e66b5b7488c1223e241096cec0c41e1595719ecd8e8056d7c42f8f3e0b93c0f7b1f87eeee2f355bdb6686381ad9e3f20bae373b30da76e7a293923d39a67ec77e0fbed3345d4bc4fa842f07f69848ad11c60b44a492f8f4248c7fbb9e8451d00f22f865e04d17c47f19750f08ea0f7634fb792e950c52059311b10b93823b73c57d83a4695068ba2d869366ce6decade3b688b9cb6c450ab93dce00af9a7e048cfed3fac8ffa6fa87fe8c35f554e3db3430478a7ed55e1ad3753f87d71e25b969c5f68e88b6c15c042259e246dc31cf078e45735fb29780742d434bb6f1c5c35e7f6a595fcb144164022c08c0e57193f7cf7f4af43fda461925f831e208e342cdb607c0f45b88d89fc0026b85fd937c6de1db2f0e43e0eb9bc75d66ef5295e08042e43298d4e776368fb87a9cd1d00f3df166893788bf69cd434282ee5b4fb6ea6d149344d87588a7ef307d766e1ef9ae93f688f84de16f06f82ed35af0fa5d4332dda5bccb2cc64122b2b1ddcf46ca8e981c9e2a1d387fc66538ffa8a4bff00a21abd27f6c140bf09a23ff51487ff0040928031ec7c6ba9e91fb295978816763a99b73656d29e4a913b42ad9f5545c8f70335e65f09b41f85ba868371aa78fbc46a352b899c25bb5c3218d7fbe48192c4e4f271d38af43d07c3379e29fd8ead2c34e89a6bd884d73046a325cc777292a0772577003d715c27c1ad77e11dbf8764d37c7fa2c11ea504ae52ea4b692412a1e429d992181c8e98c639a603be116af6de11f8e4da0683ac7f69787b509beceb206cac8197746dd86f562149c73f37ad7d50c83f3af9ff00e136ade13f147c4bfb2f873e1958c16567299d353f3595edd17ee3b2e08dc5870b9efec4d7d0cc0f4a4c11f3cfed8cbb74df0dff00d76b8ffd052bd4fe108ff8b61e1a23fe81b0ff00e822bcc3f6cc18d33c35ff005dae3ff418e99e04f8efe0fd07c19a468b79a76baf7165691c12b4504450b2ae0904c80e3ea0516d00f7c23764d7cbfa88ff008cb451ff005128bff44ad7aaf833e377853c51e26b3d074fd3f5a8ee6f18ac6d3c312a0214b1c91213d07a57917c4dbc3e12fda5db5dbfb793ec897505d02abcbc4635562beb8c30fa8a1203d43f6a15c7c2a9ff00ebf21fe66a8fc20ff936bbbffaf3bfff00da95cc7ed01f133c3de2af072e8fe197b9be1e7c73dd5c7d9dd2385464053b80392c47b71d6ba8f843ff0026d577ff005e77ff00fb528b680797fecf1e08b3f1adf6ab0eaf7173fd956821926b6865282694ef085b1d801274e79eb517c51f0edb7c37f8bba5af87669a38b105f5b8772c623e63295cf523287af63839aed3f636191e2bff00b73ffdaf58dfb52ffc95ad17fec1b07fe8f969f503aafdb03c49796da6e91e1ab699e286f0bdc5d05246f5420229f5192c71ea07a56a787bf679f0ccbe09b7175757b1ebd2c0b29bd49788652010153a1507f13ea3b667ed73e19bdbed274bf1359c2f2c561be0bbda09288c41573e8010413fed0ad1f0bfed0ba27fc21f676ada4ea575e255856dd2ce18b724f3602a90d9ce18e38c6467001a5d00f3cfd97adee07c60bf82f097b88ec6e04c49dc4b0910364f7e735f4d6a1a6c6e8c62f94e3a63ad7cddfb289b93f1ab50fb7291726c6e7cf07b3f989bbf5cd7d5d7108fbcb8fa50c11c1c96b2c7272bc03cf1527d9d4a1240c1fd2ba7bfb4f36362a3e6c7a563f94c8c55864548ccd28106d029d1b6d60455996dc3648cd42b115278181480d0b21be4522ba281808940cf4ac1d3140193d4d6dc0c04438a680cdb839aa12ab3390b56ee721c8c679ab1a75916904ad9c761401169f644e1987cd8cf4ad8820db8c8ed52c106de71fa55b8a3e79a604091e0e2a511f3815363e6c01522a007a6680397f13f807c21e27944daf787ac6fa6c63ce78f1263d37ae1b1ed9a83c39f0cbc03e1fbb5bcd2bc2da7c37287724ac864743eaa5c920fd2bb20bf95215a0452d5f4db0d5f4f9b4ed4ed21bcb39862586640c8e0104641ebc806aaf87f40d17c3b64f65a1e996ba75b3c86568ada208a5c800b6077c281f80ad6600537de8198165e10f0bd96bd26bb67a069d06a923bc8f7690289599f3bc96eb93939fad3bc47e13f0e788de17d7b43b0d49a00562373087d80e338cf4ce07e55baaa339a5614019d7ba569b7ba51d2af74fb6b8b064119b69620d1951d06d3c7181f9573be1ef867e04f0fea6352d23c31636f76a7292952e50faaee2769fa62bb3db9a081da8030745f08785f48d565d5749d074fb2be943092782008ee18e58123ae4807f0a5b7f07785edbc407c430787f4e8f5667790de2c0a252cc0863bbae48241fad6f05a5db401cfebbe0ef0bebda8c5a86b3a069d7f771208e39ae205765504b0009ed924fe35bcab9a7ed34fc606280225539c567ebba0689af5badbeb5a3d86a512f2ab776e92853ea370383f4ad655a784a00e73c3fe0af096833fda746f0d6916171ff3d60b445931e9b80ce3db35d028e6a50b4a571d280390f14fc38f03f8a2ecde6bbe19d3eeee8fde9ca1491b1d3732904f4ee6aff85bc27e1bf0adab5af87745b2d351f1bcc31e19f1d3731f99bf126b7cf5a4dbc50073be22f06f85bc45731dd6bde1fd3b539a24f2d24b9815d95739c027b649ab5e22f0ee8be22b14b2d774bb4d46d92412ac5711075570080c01ef8623f135ae063ad3b028032f49d26c348d3e1d3b4bb386ced200445042815101249c01ee4d4c632ae49ef57f00f5a6385db4019d2f2fb474a4118390c320f18c55b78549cd1e5118c0a00e526f873e02babb3753f8374192627259ac23f98fa918c13f5aeaf4eb4b6b1b38ed6d2de1b7823188e289022a8f4007029f127356318140189e2bf077867c5d6d1db789344b3d4a38c9319953e74cf5dac30cb9ef83cd47a37c39f03691a2dd68da7f85b4c8ac6f0017311843f9c0104072d92c0100804f15d1c43353e38a6062699e13f0d697a25d687a6e89636ba5dd8717169142162977aed6caf4395c03ea29be1bf0bf873c331cf1f87b45b1d2d6e08330b584461c8ce338eb8c9fceb748e298cbc50073bacf833c27adeaf1eadab787b4dbebf88288ee27815a450a72b827d0926b72e2dadeeed65b5ba862b88255292452a064753d4107820fa53c814a0e0e73401c137c19f85c350fb77fc215a589776edbb5bcbcff00d73cecc7b6315db5b4105adbc76f6d0c70c312848e38d42aa28e00007000f4ab04e6a33e9401cbf8afe1df81fc5773f6af1078674fbdb92003398f64ac07405d70c7f1357fc21e0df0bf84edde1f0de8765a6ac98f31a18fe77c74dce7e66fc4d6da8e95271d280303c51e0ef0b78966867f10681a76a72c2a5227b9816428a4e4804f4ad3f2d12211c6a155400a0740055b90e16abbf42286067cc9d7159baae9761aad94963a9595b5f5ac9f7e1b8883a37d41e2b6255a80a91480e0ecbe127c38b3bd1796fe11d37ce0723cc569141ff71895fd2bb445f2c80a3000c002ac63a5052803074ff07f85f4cd5a4d6b4ed034eb5d4a52c5ee628156462dcb65baf27ad6b30cae2a673b7ad40251d3d28033757b586e2d64b6b88639e1954a491c8a195d48c1041e083e95cb7877e1c781f46d5e3d5b4ef0dd9dbdf44dbe394063b0faa82700fd05765780b9c8ed5127033401422f0b78597c43ff000900d074f5d58b993ed8205f37711827775ce38ad2d7b46d1b5fb1161ad69f6ba85aef127957118750c3a1c1efc9fcea1328df822ac43265c026801fa3697a768ba5c5a6e936505959c5bbcb82140a899258e00f5249fc6b9af11fc32f01ebf78f7daaf8634f9ae5cee79554c6ce7d58a11b8fb9aea8b92c3d2a523d3bf7a00c3d0fc3fa2f876cbec5a1e976ba7dbe77148230bb8fa93d49f7356987cc33deafc8bed555d280317c41e1bd0bc42b126b7a4d9ea2901263171107d84f5c67a6703f2ac63f0dbc019ff914345ffc045ff0aec88c0e0726a120ee1408e734bf02f83f4abf8b50d3bc35a5da5d42498e68add55d0918e081c704d4de2df097877c4d14716bda45b5f88f3e5b48b864cf5c30c11d07435be4022908046318a067296be05f08db68ada2c3e1dd3974f77123c2610c1d87466279623d4e6b4f4fd0f48d3f483a45969b6d069ecaea6da38c08c86cee1b7a73939ad5dbcf4a4c0e68031bc3fe1ad03c3fe78d1347b3d3bed1b7cdfb3c4137edcedce3ae371fccd43adf84fc37ad5f477dab689617d7512048e59e10ecaa0920027b6493f8d6f6de4538a6403dfd2803ccbe3b788fc63e15d0acf55f0cda5addda2b491ea2935b9942ab01b188046178604f4e4579cf81be35780745d386a377f0fad6d7c4a03665d2eca18a16e4e30c5b7a64633807fa0fa4768ce081ee2ab45e1bf0d4d3f9f3787b48927277798d65196cfae719a623c17f645f0feab7de30d67c737968f059cb049142e54aacb2492066d99ea142907fde15f4b15233e94f85523454450aaa30140c003d29ee01e7a5260537419cd50bfb40ca5d473e95ab2a8dbef55f3b9b691cd033959de489d93b83d29918690ee03bf22b6b5cd34491f9f16770ea2b26dc1461d72290176cf0080476ad48db08062b323cb1073f855d8dbe41934202a5cffad3f5ad6b0ff56bf4a28a00d38fa1a7c7de8a2980f8ba9a907de3451400a6928a28023ee293d68a2801e3eed35fa7e34514007f09fad3bf868a280014e1d4d145003d281f785145003d2a43d05145002529e94514008bde97b51450034d3bd28a28001f7aa27eb45140087a8a777a28a00747d4d38514500490d4dda8a2980a3a53074345140119ea7f1a41d051450029e9487a0a28a007c7d4538fde3451400927ddaaedd68a2860577e83eb51375345148060ea6a46fba28a280209fa1ace8fa5145003a4e82a13f7168a2802a5c7dfab30fde5fad145005d1532d145003bf84d5793a9a28a0089fa54468a280129fd8d145003169abf78d145002af4a7a7dffc68a280237fbc69f6ff007c514500682f4a7b7414514011cbd3f0aaa7fd6ad145004cdfea9be95ccdc7fc7dbd1452603fba7d6ad47f768a28407fffd9, 1, 47284, '2018-12-10', 54382);
INSERT INTO `image` (`image_id`, `imagedata`, `machine_id`, `patient_id`, `exam_date`, `employee_id`) VALUES
(2, 0xffd8ffe000104a46494600010100000100010000ffdb0084000906071413121512121316161517181e1b191717191a1d1b1a1a1f1d1d1a1b1e1b1f1f1e28201f20251e181a22312125292d2e2e2e1a1f3338332d37282d2e2b010a0a0a0505050e05050e2b1913192b2b2b2b2b2b2b2b2b2b2b2b2b2b2b2b2b2b2b2b2b2b2b2b2b2b2b2b2b2b2b2b2b2b2b2b2b2b2b2b2b2b2b2b2b2b2b2b2b2bffc000110800ba010f03012200021101031101ffc4001c0000020203010100000000000000000000060704050003080102ffc4004410000103020403060208040405040300000102031100040512213106415107132261718191a114233242b1c1d1f00852627282a2e1f115244392b2333453c2162573ffc40014010100000000000000000000000000000000ffc40014110100000000000000000000000000000000ffda000c03010002110311003f004b96fcebc2df9d47556506fc83ad6cb7b352cc3695acf4482afc2983c29c156ac5b2710c6545b6971dcb2273b9ce481ac7969a6a68b717ed21a0c36d606db456569414adbcaa19bece50602a482099d34eb340963853bffc4eff00d8bfd2b5bf64b4415a5689db325499f88a7fab00c7cb091ff106038560abc0905020e99b219d48d2396fd40312e2ac470d7ddb6c45b6ee8ac25595e85232c9d51962336a3ca36a05d64f3acc83ad32f8ff0081d95da378ae1a8869490a7990a0aeee4032226227513a6fd695b41bfbbf3ad6e08e75aea561962b7de6d96c4adc504a479931417bc11c1b7188b852d908691ab8f2e72a07e67ca99987a708b049fa3db9bd79b3abae4652a112525408813f741f5a97c40a6ec186f0ab4261b853cae6b518304fbc9f281427de253a8dc9db9749a061e11da5c383e9a86d86163c0b49272a87dd575044eb0351e751711e3bb7b82b1738725c60090a5a90a514f50929d0c6b19a96d8910e2540c92341e47f66a7b472a025467400fc07e941678e7671697ad1b8c19d858054ab659209e7e107c493be8641ea293ce2549252a04106083a1046e08eb4e6c21c2d38971a30b4910ae8276f30798f3a89db670b83dde28c0012f425e1c839b057bec7cc0eb40a2cc7ad6663d6b1420c57941ee6357dc29c2775883992d90481f696a9084ff72baf96f523b3ee107312ba0ca652da614eb83eea7cbfa8ec3fd2ba02fb10670e6536968908c8234d48f33d55cc93401d83f610d819aeeed4afe968048ffb9533f0156cff0061f60a4fd5bd7093c959d2a1f0cbad525fe36e38a05c512a1b49fc06dcabe19c49415e251d3600e827cbda82878a7b18bcb64972dd62e5024909052e479264e6f63ed4b258502419041820ee0f306ba4301e31751a387bc4f2d818f23d66aabb5fe096ef2dff00e23669fad4265d4a7fea200d4c7f3a7e627ca810598f5accc7ad795941ee63d6b331eb5e539fb1ceccd2ea537f7a9941d5968ecafeb58e9d073de8043837b32bdbf487000cb27fea392330ea84eea1e7a0f3a6761bd855a253f5f70fb8bea9ca84fb0827e2698f88e268672a624930008d3d7caaa4f13411b19a05a7127614a00aac6e0a88ff00a6f684fa2c69f11ef49dc46c5d61c534f214dad260a540823fd3cebae2c78812b3074f31d36aafe3de0863136615e179225a746e0f43d52798a0e4ecc7ad666353319c29db5796c3e9cae20c11f98ea0f5a8541eab7a9783301cb865076538849f42a00d4456f56dc276cb72e9b4b692a5824803a8048f9c5038fb5cc4ad2e2dedd45321456db6a208ee949233796c069ce9676b8c5bdbba8091de3495b2a50cb254a697989499106244f30629cf7784d89b036978e1487959dbcdaad0a8090b1130330267620f9d2a700e1f3637d702f1b4adbb7656b2a29cc93301a5a073924446daed40dd56309741b868a961d0db8d03222664280e636f7d28378d7155397f776ddca72965ab77ae60953720a86e6002a541206c37a24c078cec2f9e714da5d68a0256a5ac200291bc0cdf763e028a308e1f616d5c3c034a5deca96e364a92b49908893b04c181ce68013b05c396db57c1c29530569402354a9401cf1d442923fda91f8bb010fba84ec971407a05103e55d7381e1f6d6ac0b4b7cb084939010544cca89d6649ae60ed198c988dc8c990170903cb6f9c500d536ff87fc1429f7ef9c1e061109276cc412a3ea123fcd4a4ae8eeceb0afa360c9cc4252f36e3ae2b9cb89096c0f388a002bdba5bab5beb3e271455b6baec3e102ab6e94533bc8d7415f5669580b2b24a818d760081a8f335392de99b9ee4c6fcbf2a080cdd484902520c9f38d47a75ad89be495e507c5a909fdfa543b9f038e65d880a8e848d6a7e0d87a0212a8056e092ae7af4a09b62a7246b95133ae93fbd69936186a6f709b8b4206a1597c95a2907fee00d2e7b892337d90358d8811133ca2989d9a5f00e2db0b0a4a8481a4c883a7941341ccce24824110468479d789492400249d80e745fdace102db14b8401095a83a9f458cc7fcd987b54bec6700fa562282a12863eb55d2410100fb99ff09a06e709e169c1f0b01502e1e19d7d7391b7a2069ebeb40d7f8b151255a9ebd66897b42c582ee0a42a5281037df9fcf9d00de132778db5f9506dfa628ab7e515b8a3c6159882371cb7264d55baa21bef2349d6bedec40252544ee27ce82d1ac44890098de981d9ae37b34e2a43b303a11cbde9596ea0e252a830751e944d85385a485a48197627a83a7e14019dad70c8b1c41684261a74778de9a00a26523d140fb450653ffb6cc3c5de18cdfa442992330235cab84a87b2803f1a40501ef63fc1a310bbccea66dd9852fa295f751efa93e43ceba3b14c412c2204020680721cb4fca84fb1dc285a614dad60053d2f2bd15f63fca13f1a818fe260b8a9244cc83d3c8f9506abac44a9c9513e2274dcc11047cb7aa637412b22675ebac6d505579e252a60723e7fb8a8d6af12731889ff005a0bd6f10caa94cc6e1239c721f0a33e13c7465cae2bed6b27913c8790a573b750a1af8a7a7e156f6b8801920892751eb416bdbc70887edc5f349fad607d647de6ba9feddfd09ae79aec2c16e13736ea6d634ca50a1d52447e06b93f88f0955add3d6cadda594fa8fba7dc41f7a0ae56f4cfec3787cbf70b7d5a36d82147d5311ef9a7da96077ae87ec68a58c2bc463bd52e3432b591e14a7a9ca9a0a1e32be4bb72eb927501294f380aca34f41b79d5d60592f99368b761b5b6b412402a4481a25476d6151ebd68531462487421492a25290772674d35ebf2a26c330a76cd05f5b7f52d0495e649956652672a49d4c1264f90a05a2bb31c47e9019fa3b990af287625bcb3f6e46911ad36b8a3194d9349b0657dda7bb4a4a50356d3073191f7944c9e804f3ad78a7680d9b843c96ee92db09505252539579c000946e7290363ccd0d713955c3c8ba501914a48ccdce5cb9743279e84107a505770b5fa9abe6de44e5494e63fd2a30a9f6352bf887c3425fb7b84ff00d54a813e9963f135070152987d4081956a813b19d80e9e9447fc426b6b6463ef1f694edf2a04ce0963dfdc32c0ff00a8e251a742403f2ae89ed25f2843168de89002d406d03c281e8353ec2929d97201c52d737f3e9ebca8ff00b53c49c37ebc9203612891d773f8d00de2aa08ce738254a9cbcc6911f2af9b5797092a1e83afee2bd4d89590a5eab509fcb5f6ac71b095206b33a851d01da074d28235fdce55349090aceaca67a411f9d5cd8c26129034dbc87fb73aad76d429483cd2647e1f8d4d6979544ef3a7fad0585cb69295151819493f981f0a26e0e754971952001b66d06c7431ed422f8ef0140d46815e49dd5fa511f08d92d4f25d2bdcf853e5e74147fc475b81756cb812a69409eb95523ff2ab9ec06cd2d59dcdcaf4cc77fe940fd4aaa9ff0088abc06e596b9a139a7c9503f141a23eca531813a7792b1f3dbe24d00c620e85aba8493013af9540ba8d01f68e752313cc90a21206e6469e7546fdf29c884c199e706831f49532e200df44fae9bfce87ef5b50849e5a69eb1459649ca9d77de0fad565a6571d2080666079ef4170e25232a53b0481ef03954db5d60148244112763501912a03a47efe557186a42c4c88e51b8a061d835f49c2ee9851cd2d2c03e652623d0815cddc3d861b9ba62dc6ee38949f204ebf0135d2bc2a62d2e7c51083aff2f80ebf2a4bf627681dc61a52b5c81c73d484903e6a07da83a13885d4b36e1021200091d001a0a5962f77a9040db9c807f7aeb46dc69727304cf2d0723eb4b7c56e544411048f5a0aabdd1596749ff5ac6093a1120ede5d2a3dc7407f7bff00a54a69d9546c0004d068b851197c8c4f33fb3562d5cb7aea35fceab6e1b2413ae51d791ff6ad766e4aa0efb8e87a50347816f40742524653a11accf2a5c7f1058777788a5d03479949ff00124949f904d13f0cdee5752a3f6411a6bcb9e83f7159fc47da02cda3e392d689f2500a1ff89a0451de9bf8de3ecb58361c19254e25d2a65d329085347c5984eb398a635041a56dab49c8eb8ad4a6004f52a9127d236ea4530783b878e23873014a8459ddab38014545a7036a3940dce69f8f95033fb2858bab06ae5f4344a56b0d04a00ee929253126493a4c93cea8b8d78c7e92a2cb417dc36bd5400971693123fa0113e755b8edbdd07d486b2b2c36540a5b52beb0e89529c13e231035a8367139082048800c03fef410ef2e332552dbba46b0089f7ab6e0dc41e2872c185361c5ba5684dca7336b1940711e11295080b11fd55ead84924440fb463deabdd4a93956daa32ae411a282b91914171c5f8cb1853ec5b3b609750a485a9614b4caf319eec28906046f1a9aa2e3ee21fa6e1966eba480a7df9ca066010a506d3b84e8952475d0d5db28ff0088a1cb7b8971c285969d2332d195257047df4cc888913415c70f2acdbb1b08199864b8f2140105d7895292a12661240de82bfb2d5c62b6a2265c035f8fc74a63768764b372e48013de4f9aa635f852cb86df16b88dabd108cedaf5e414012279c668f6a77768b877fcca1e20c146846c4a64907da2801edd9214604107e5e5f1a8b8eda1d5798465927f03f1ab117610af1a67f95512088d0796ff002afa431285173c598fd931113cff007d28291b790409508cb24f39d2be2cdd7ca92a421394ce8627cb7ab766c9b0a84a133aeb1d67f4152ee9982341cb6de23fd68295093df804804c4f48a6470bb52b4c2bef03036dc40fc6836d70a198bba993cf531ca98fc1f67e20444013fa0fc7e140a6fe20ae42afd288f125b4ebe5123e6a3451d9a3e070f3a4ec97173e929a5a76af8c0b9c4df5a632a15dd820ef9749f947b51e760b741fb5bdb0573f1a41e8a194fc084fc6805b13c58afc291e1f3af9b52442801a7e9cea56338414ac2129854991d22aa12951504e6235d7da824baf050d275dea0ad8c842d1f74ebe7caafad6c128cbebcf9fec546c4d907314ea24c91b798f9d068c35f214a6dc1052751e4771fbeb579853452212465998e63d6875abe0f3a8394a5496c215a9d4a60493e828bac180523c2737aefe73e9405f823a96b0ec45d274eed44faf76447cc52d3b013ffed479b2e7e47f2a3aed2aff00e8b81f767c2e5ca9290275cb398faf85207bd2abb26bfee716b451300aca0fa2d251f89140f4e3207bc56b0794ed4b9c54904c9d7ae94d2e3460660a332469ebce9798cb094254b56bcbdf7a0187072d74ebd2a4d9a0c6681b75f3a86d2bbc9013b739e55656e001aee019f87eb4106e1df0a93bc1d07533bd6ab2b7ce499e702b7620888f7d7cebcb76880140c13a69f99a026c21474ca768d7cffdaae7b795856156e4ee5d444ff62aa8f0a0a2a0373207bf9d49fe21ae8218b2b59d654b3e894840f9934094372aca5b9f095491d4f9f5a35ec8b8c0d85e04acfd43d0970743f7543cc4c79cd0861787aee1f6d86fedbae2509e92a3027cb5a9dc59c38ee1f71f4774a5472a569520ca5493b107d411ed40fde2eb1525ff00a5b6bccc3e81a6e9cd035f2cc00f706864a12a81f6553a49de3903fac552f67fda438db42d5d652f333aa4abc7a9d7203a1d64c7b0e54cdb5e1fc3ee405a1c58075c84e53ee952668035c601d53035d473d37ff6a85892c01952352761bfad352ef861871a0c901086ccb6b4aa55b6a5448fd76a14bf5e1985abbcb8b8ef9d4fd96800758d3c291a7aa8c5048c00358759af10b901272f801fb447203cd46b9e71fc5977570edcb9f6dc5951f2e83d0081ed449da471d3989389119196fec2019d7a93ccd05d06d0fabc3e23e1db5dbd3a5754e177e312c31ab848198a754ef0a1e158fc6b9c11c197e591709b474b2519c2c2641444e6d3588a667611c5696c7d0971956a25267ecb903c27c940083d42a82d1fc2924650201d413ac01bc7b4d4776d88023d879fad15713d9f72efd986572524725f34f9751fe955694cc4411f3d3f668286cd99994c1f5fdfa7c6a62ad248e913ea74ab16ad6028c4e63a790e9feb58d66cd3b049d09e6373f2a0d76364523291d207bcfeb4598bde0c3f0d7ae151992827fc47c291f122a270dda07944c0c893a91ccef03f3a00fe20f8a415378736442616f475fb89f61e23ea9a04c38b2a2544c92649ea4ef467d8ee37f45c51924c21d9695e8a88ff00304d40c2b821f79845c172dd86dd514b5dfba105d20c1c839eba498aa028534e65321485418dc1060c7c283a13b45b1ee1fef63c2e8267a1d943f3a545c68494f591eb4eae1bc49ac6f0deedc500fa400b8dd2b1b2c0fe5544fc4528eff0571a5ad0e784a0949d798fd797ad04bb17d4e265632ea2083a93e958f8482b52884a759f5077a97616a723503db7235fd2a2e25652ca86f26073275d282ab876dc2dc5286c4e9e7fbf3a6270ce185e790d826275f2037f9694258161c5bf0849cc4e823534d1ef91845839757197be5084a4f35fdc40f7dcfe940b0fe2071b0edeb76a83e1b6442b5fbeb8247b2427e269636af96d69713f690a0a1ea0c8fc2af301b05e2788a5a71dcabb871454e44c120a89891d369ab6e27e0116f6c6ed8b90fb68504b814d96d689514a545254494a88d0f3df6a07d5b5f8c470e6ae9bdca3311d14345a7d4107e140d89942db593e280743c8ff00bd567601c581b5af0f754025c399927f9fef23dc091e60f5a35e34e1950d5910da952b8dd3d7dbf0a058e1d66a0953836076eb56296f594ed94f2fdfec55a7fc34b495882413a69afe95f0d58ab2139750396dac4cfef9d00f5c313975e67f7f2add6969072aa488fdfe1528da2869aa8ce83a6b3f1ab2b4c29d75791092a51da27ecc8824f2de82ef80307ef9f2e9d10d44ff0051fba3db7a56f6c58f0bbc49c2854b6d00d24f2f0c9511fe227e14e2e31c55bc1b0c5250a1f487414a3aa9644295d6123f2ae662680bfb3dbd66cdf55f5cecdb6bee11acb8f10529008072f3f11d056ee37c7ed2f2d2d14d02d3ec6668b4a2a592d7da42bbc200306446fad0738fa88082a25299813a0d674f8d6aa0d8c3c50a0a4982350601f91d2aff000fe31b86961798e61b10a3a7b1947f96a570bf6757d7c9ced3610d44f7ae92941f4d093ea0455d5cf6525acbdfe2562d8502412b3ac09d010274e7411b15ed06ff00bb485bca525c4c89eef4063925a4c6fe7bd065ce24e2d212b5920127524efbd1aaf82ad15138e5b109103325c811c84988f4a8b8df65f7cc361e425170c9198396eace32ef3100edd01a009ab2460ea9caa212ad7c3bff00211a8d350bf955714c6fbd6d6ae96910951035dbce27f01f0a0e81c39c6d0c596653686c61e5b72efbf485b329d835988513a6b94efbd21b0ec414cac94131d4687432950e841122b5a9d53919d44c6824ec249d3dc9af030283a0f80f8f98bc6c5a5f2d2567443aa10977a03fc8e0e862794d150e0a6a7325d7409d20a7e1a8ae5143e504e53a1dc6e0f911b1a3be15ed6af2d421b5afbd692754ac66213d12a2428472049140fdbce1a4a9012db8a428733e207fb87e91542d703bca5fd6be922774cc9d7683a0f9d072fb790008b60a3ce494feb42fc49db15edc0525a577083c9b10a8fef249f84503538d38e6db0d614c5b90a79298013a86c91a159fe6e79773e95ccf7572a716a71c51529464a946493d49ac7ae14afb4a2752753ccee7cc9eb5f05340c375eb3c42cac90edea2d1cb4429b5a1685a829332168ca35240d475a19c62f9ab995984be9d3381097d2340a23eeb9113c8f91de8b21debca0b9e14e247ac6e1170c9d53ba6745279a4f953cd2fd8e3ad872ddc4b5771e242bed7b8fbc3a284d7398afbb77d48505a14a4a92642924820f5046a283a4702ecf5f4125f79b1d32a4a8c7bc0151b12ecf2e8bc3ba75b2dccc9194a759208d67da94d69da9e2ada728bb5287f5a50a3f1299afbbbed5b1571394dd14f9a10849f884cd039d6dd960e82fddbc95bc01c89d3313d109df5ea6911c77c66f624ff0078e785b4c86da07440fcd4799aa0bcbb5bab2e3ab52d67752c9528fa93ad68a0bee05c691657cc5d3a95290d289211198ca4a7492073eb4558a63497ec6f9160d5cba1d750edd3afe4cc94e6250129413e1053bf2f4a5bd5af0e710bf64e87add50621493aa569e695a762282b997948214825241041060820c8f98ae8eecb7b4b6ef909b6ba504dd0112740e8ea3966ea3e14a3c56cec2f506e2d1c6ec9e8972d5d30d93ccb2bdbfc063da8312a2854830a49d0a4ec473047e2283b0f11e1d65dd81413b94fe9b5454f0aa02728518e72353491e13ed9eeed921bb948b940e6a30e01fdd1e2f7f8d1a0edead23ff6b713ea88f8e6fca80b6d78210970a96e4a7924083ee67f0a95c41c416585b254e1423f95b4c6759e806fee74a54711f6eaead25366c0689ffa8e10a50f44c47c66951885fbb70e175e714e38a3aa96a93f13b0f2d85059f197153d88dc17de3a6c86c7d96d3d07e679d59e0582b36cd0bdc490a2dab466d81871e9d0acff002a13b827731ef1ecd16967f58e945e3f1286907ea10791757f7cff00424475354f8be26f5dba5e7dcceb573240000d9291b240e405057ab7a70f669c02cb2c7fc571484349199b6dc1a4725ac73927c298e87a52af05642ee594284a54ea12479150069f9db95e838636595254d97929546a2002403d2207ca802bb4bed1d574a5d9dbb811665481deb79c1520a7c69588d4493e1007d9e7444d70e58e1ec32cf70d5e29f82b7dd4eb91401fab1a948ca646b3413c139b32db61b61c0b61c2f21d0548f0a54a4ab2804f84e51a7354516631701eb7b1732a52955b200c9200206552624e58831aec282db14c46d9005a5bdb5b3b68854776b448cc0eaa077277d68cf833bb2c85b4d8652805010d921b201cd397919275df5349ab8750851813b9d371023e714ede1db9685b368cc8494b414b09220023526817fdb170036fb2ac42d4243884e67129021d40dd5a7de03e229035d2dc21c4edaae0e1e569759585f74aeba92a41ea0a648f4348be3fc07e857ef5b81e00acc8fec57893f098f6a01e06b028d7953706c31772fb76ed095b8a0948f5e67c80d7da82e382b82ee7127723298424f8dd57d947ea7c8537ecb81706c340fa62d2fba74873593e4da67e756572a46196ede1d6ba28225c7068a5294353ea77f211416f2c803c5995d4ea7d68182fdf614cb295b768cad25594a10ca0293d730234891f1aafb9b0c06ec14ad86d951d2423ba54f914883418c8e7aeaae67481febcea532e241f1c4a660fcbf0a019ed17b3072c07d22dd45fb53f7a0666fa668d08fea14bc9ae99e0ac55a28fa3a802cae530afb3af220f233497ed3f831586dd14a64b0e4a9a5794ea83e69fc08a00ecc6bcacaca0f698fc01d933f7c90f5c28b0c1db4f1ac75483b0fea3f0a91d8d767ff4c73e97729ff966d5e1411a3ab1cbfb53cfa9d3ad387887898369286371a48f2e49e541ab07ecf70cb50940b7696afe67b2ad44ff008b41ec2ac2ff0084b0e706476d2db5dbc084abd88834bdbac7579c15a8e68933d4edfbf2adf758da8a92b528aa1204fb7eb415bc6bd8880953b872cc8d7b859dff00b17f91f8d25aead56dad4db895216930a4a84107a106ba7b05e275a084b9e349dd53a8d26abbb57e034620c7d2ad80fa4b6924651ffac989ca7faba1f6a0e6cacaf5498304411c8d7941959594eeec8bb30494a2faf9133ab4ca8691c96b0779dc0f7a00ce0decb2f2f80708ee193b38e032afed4ee479e828f51d8233921578e678dc369cb3e933f3a6fb8e25035200af1a782b6341cdfc57d8fdeda82e35172d8124b60858ff0004927d89a5d29246874aed9cd4b5ed2fb2d6af12a7ed5296ae4492068977c8f457f57c6839beb2b63eca90a285a4a5493052a041046e083b1af81413b05ffdcb3e4ea0e9e4a069f5c1980a6facee6dae527b974a1c4725255051981ebf560ffbd25b822c52f5eb485fd952b29ff1783ffb7ca9c9c558b3b86d8b29b6250b7d40cee5b4658425332274927ccd00a611805c6098bb09590a61e5140774caa4107457f2904824738a31e34e110d0426ddb22de56a22494a164951993212679683caa9f86b1c17cd21bc565d6db712e25d3a290a4ab289ca04a4924191ce887b4ac51fb45b388dba9c5b090a6df6a7ea8ee104a49e6a20660368f705c5a58fd6f88f8124cae748d7dbfdeadcd9623dd2cb4c94db3b12a0066508d047daca6790addc19c669c45f36aee1ad90a4cffcbf8489524152b3280ca264c6b455c7fc588c312cd9da025d541899086e624c9dceb1e8682b3817845e53ed3ef20a12cabbc4922159a23281b91d66a97f888c37c76f720722da8ff993ff00daab718c4ca10b50c494b782a6525609d7303a988e5034d28cee6ebfe3181bc54077cd8ff3a00524fb8d3dcd073c5367b00c2877d717ce0f05bb700ff51d4c79848ff3529eba0fb2db3c9c3ef2a20b9dea8f980328f926829f12c514e38a7952a528c98d803b0f611436e5ce42544c41e756f13248d7530361a1df5f7a8019fbcb01415f6879506377623303b833bf491f9d46188a56e428e6093e2cbd2a8afd3ddb8e36851ca51993e5b181f3ab4e18b64060b844a94a8d7ca7fde808ec2ec877ea7440d44f5f2e74c0e21c2118ce1aa6a477cdea957f2ba069eca1a1f5f2a5f5bb5964ec40e5475c0b7991c82745888f983ea0e941cd2fb2a42948582149252a077041823e352308c3d770fb6c34256e2c253ea4c51cf6e9818b7c44b88d137090b8e8a1e157c7457f88d6eec1305efb102fa8786dd055fe357853f2cc7da81c58b3cde1d64ddab2608404a7ac0fb44f9933f134b8bec575cd307491d3fdf6f6ab7e35c483970b505039494893b01b47e3ef4117d7598f2a09df49ef1c111b7c4fe1cea55e5d1206b1951b796b04794cd5021cd41f87e1571757a3ba46648900a647424983e864d04cb7c57c004c1fcb6a3ee0ee214a4f76b578490019d01fd0cef49f43c77fc3a51058e2280909209d7507d77f68a0afeddf8505b5d26eda4c357139a360e8d55ff70d7d7352baba678b2c0e21833c89ceeb49ef126352a478808ea5329f7ae66a03eec7b83fe9d779dd4cdbb10a5ceca57dc47c449f21e75d27797696d327d80a0aec530afa3e14dac8853c54e9f43a27fca01f7ad5c518ba8bb325289899a0b0bdc6490a513201d046b50f0cc6feb04ae127423a7ee450e629891420cfda508f2f5a8f82b90b4107c44ea4ec09d3f0a039c3f8806620993263f2a27b2bd4b8343af3a503b7e130ad338e9307afca88b0ac53290b2a20183133aeff009d00e76f5c1ba0c45846a3c2f81f04aff227d291f5d98b43774c290b014871252a1d41106b91b89b06559dd3d6cbddb5913d46e93ee083ef4063d8b60c5fbe42a250dac295d2025713ee451276c17c4dcad2a3086427224728113e5398fc2bdec0ae14843e72c23bc056e1d804a0a88f84d6ce356d4f5c3ea2d9534e949414890e200050a9e86147fda8009188a9b4ac6a02901200e67727d29ebd9d0fa56161bb8485a4e64655899403027aebf8527386700b8bcef1c61a2e2e409d9b401c813a4d197133f7560cdbe1ecbe94a8b6b72e1481e24663e1009d86aa1d749a032c0f82d8b7b80ffd5b6a4ce54349437bf52982a11a653a52a38dd0a76edf5b8a39cab71ae834484c72823e755cf1ff00974dba9dfb2e1752e4fd666220c91a91cf5ab2b96dfba605c921572d421d425339da56adbb09981f70e9c85003ae66099e534dcec6df92fda2882971b0a11fd260cfae61f0a026f082ef7a12957789821206baf973a66f6578714384e42901920c88d4e5f9e86811dc4d61dc5ddc33b06dd5a47a66397e515d1f86ff00cae06c214352c21047f52c6bf89ae74e285ad77af77a7c7de14a89f2f0c9f6135d23c6c502cd96caa139419fed488f8cd02daf1c40cc1b041412927972d872d23e35183a0b40f25083eda19e9b57978f174f76c282841ccb291980e727a47e15a9182292d2487242a72a6353d4fc4507cdbb0dad416e24ab42046e1275d0f9ebf1afb5b286c6569391b2a2424ee24d69b8ccdb6ad08294ede62b7b0e175b492352013e5a4d059956ca4e524a64056c4f9d5c70fbc33a5c466042b527404f97eb436c3c3204ab4d082648e827e5f2abec3a14b4108cd97ecc480359f7a0affe225b39ad5c8d149307a11b8ffc7e1567d81da84d85d3a742b5913fd29469f32aadddbeda9561f6ee18942c4fb8034f7fc6be7b18709c1ee04fd92b0069a6855f9d050e284384c654ebb93aff00a5505fdae4120ccef3e7a55cdfde842d595399239d505f6319d25b09024c83d277fc2834b8f42093b8207c6b6ddbfa7f9b7f6acb3c28bcda9c52825a684ad5132ad9091e649350efb54f39e541bacdf05255d0c7efe356f833a002a2751a6c0fcb99a14c10985249d264d5f5808548a073f67773216d1020a4123e467dab9cb1fc28b57cf5b4414bca40f42a84fc88a78f67d767bf4c4c1d0cfa7fb501f10da05f1464e46e9a3fe5428d03d5e6936d669693a043696d31ca004fe54bbc56e7c401fb274db97ec518f1d5c10d800f9d2d6e6ece5216930350a141598a384128cd206a27956dc3af7ec903591afbef55d7370499208f6e5526c602413cce941f78938a0a592240247afee6ae70c2e3a040d3a0fcea96f8294a5653202a639c4d7c60d8a3e545298d3aec397bf2a06df06e26356caa797a728a597f1118364ba66e80d1e46457f7a3f54a87fdb575c34f3a97525c58d0ce548dcf9d5df6dd6a1ec20ba4789b5b6b1ce331c87ff2a007ec2ae12e2af2c96e2921e6546390d322943fa803cf9510e0cc7d1b10b7b0b67d2ead48cab53e839936c825496f29207780f79063eca874d577d98388ef6f1b525454ed95c210524023c0546279909d2aefb39c094a43b8b3cf3adaad144a9646659ca90a294857541ca734fda11b503c31bbd6b0eb375f4b6021b1391000cca2401e5a922b9f713be7de796ebce256b706656ba0e69408e49063e35bb1ae31bcbe0bfa5295dc839db692909035f0c9024903a9dea2e0e9694b95233013a1264f598a0abbc5b91ffa881a478449f4f2ab1e0bc5dfb1b8efda5a559804b89520c291331b68646e2a5dde1cde6252da8090653a124831facd7cde61ed9495b2552982a4294498ea27cf5a07b5b634ca9afa4b2d2542015e5cbde247de2a4efe11ae93b50edef1434bbcb6461cb439df5c27e94b41cd29eec94a75d20893236298de957833ee05a1d4b8b414901b298d0f9f91db5a66b587dbb0d9c6d094b2bfa2b9df252202dc2530a03607324ec35cc28111c50e4df5c903febafcfef9a70f17df38fe1b60ec412dab37a8ca98a4538e1512a2649324f99d69fbd9bb29bbc0c2633396eb73283d7ed47a10680370c414b2e2b624807af9d5e630d7fc9a14d1d51b1f99fcea1582b36671c04852a4a41d447313f855bde632cbcd066dc184264888f5de803ef6e9c0864a9198af64c9931d7dabdc25e5942948ca80566664e5f203df7abd7b0e0ab74ae41215b1dc03d3e5f1a8cd5b8436014c0513b08f7f950457df41080983332a1cc88dbe345b82ab46f7d790d35f33422cd8ea95c9d741d123ca8e78730f1dea235048807d6823ff001077996cadd9e6b5cfc00a81d85bdde595edbe80813a1d4c850dbd85567f1177f9aed86411f56dc9f5519fc22aa3b0ac6c31888695f66e105bff0010f1267e047bd04dc7717436a28420102472a14675512743cba51d768781b36ae290127328e74a8cec4cc7b6d40570ca930540a67513f8d018f14e3cc770d59592006404add57de5b83649f4fcfcaa9efed7232c2f7cc173e4a0ad3e550f09b6cc6547c2049d7f0ab4bc492d211f753980f720eb403964025c50f7abec3dc9fba540728aaf7ad72f8b71b023c855de12ca9312400797969fa501bf678d053e981b19e7b01fad00e338927ffc94bc0f845e2133e85283f81a677009432cdcde2e021a4993aee066547b65dbad73b5edd95bcb7a7c4a595cf9951550750f1db4212a51d236ebfb9a596217213393ec91d67da98ccdf0c430b6ae53aabbb0551fcc0657047a834bdbdb24e524fafe83d6829ae6e250acda08903a56ab35294227449303a4d412b25590093b006ac19b7564cc0c1d67f4a09576ee45cebc8c7282906b4e1c8f1673b13b0d26b762ed0294ab5d508fc003f857dd85b2804f8bc2791ebd282fec4733d744cfc4cd13f6a6f64c11c57ffca3ddc4d5060161de3a8483ae6ebcbef7e075af7f884c5bbbb5b7b449ff00d45e650fe94081f33f2a050f05e2e2d2f98b857d94383347f2930af5d09d2ba36fb0142dabeb9b5714e2af1b49ca540b7284e99472cc9001f6ae69c07007ef1d5356c8ceb4a4ac8902120804c9207314c9e08e29b9c21e4595f40688cc4664ab2a0cc281493b10491d27a507c6257497994ee929904111e5f9d55b16e5a5e70240df5e44530b8c783b3e6b9b24871a73c4b420c993b940e73bc6f412d583e93f56d2ce6dd2a6d47e29899a0f8ba6147c2924891bcea08d23d22b67d1d2d2339324a75e9a8d00ebb513b5c2378ab35b81b095c82db0a82bca27365572991092274d68486037b70ea5916cf4f452148427cd4a200e7413784b0dfa42d36e904e656a7f953a66f94d5af6e38f34cdb3785b04020a4ad23eea123c23d4983ed442efd1b02b42eb852bba5a6123f995bc246e120ea4f9573d62b882ee1d5bceab32d6a249ea4d044a6c7f0fbc401aba72d56b84be99403b1713f994fe1425c1bc14e5fb570b6d484f74121256b4a5256a3a24cf51307a81d6a96fad1cb3b92da94038cac789b50500a10a195434247e341d0bc6bc1f910a76de002bcca11f667a472a01b0b325f59800e533d098831f8d3778178a5bc42d812a49792007513cff00980fe556e0fa8e554bc6d81968075a9299d5300c7fbcd00b608ea7325b56df789db7f8e9d6a7f1ca425c434d8d12810473cdad6ab7c01c7d72d83113311ebe559c4f64a65d4959901090954ef94411eb3415a9652000a8c9fa6a228dbb3db70a5a9d0084a446bc947a7b503e1e95baea1b69216e111e9e67d39d17f1cf10b584d8a6d9b3f5ce0890248cc0e659e84c109f3f434090ed2b1817588dc3c9329ce529fed478047a8483ef43f6176a69c43ad985a141493d08323f0abfc178583d6ebbdb8b845adb073bb4a94952cad675ca84a7530373e47a542e24c00da94292e25e61c4e669f40212bfe61fd2a49d0a4ea283a13122d62762c5fa5209480a29dc8e4e24f9a4cfc28078a5869c6b94a660a4f2ad3d89f1a26dd7f447970dba74cc6021cd81d7928687a100f33451c79c19dc2be976a8494132b41d90667327cbf0a0535aac831c8f2abf4b4a2da730025477f6fd2a35d61e9efa47d950911d7cbdcd5dff00c25c16a979685c15948244741bf4a0a26beb0e53a013279efa6b57382b0a5283684e62744f533b54461948521a4f8964fd91accec001bd34b04c25ac2add77b7840584ec3eecfdc4f551d0500ef6bd880b1c2dac3d04778ffdb8fe504151f7540f406909445c6fc50bc42e54fac403a253fca9139533ce249f552aafbb3be186ee2d2fdc7d28400d0ee9f764210a0af110474903de82efb0ee350cacd83ea01b7152da8ec959dd27c95f8fad1b71b70f14abbd40fab3a9007d93cfd8d2978fb0466d6df0fee54dad4b69656f3530e10b80413d069ed4c8eccbb4e6ee1b4da5f2d29780ca9716404ba36824e815b6fbd0035dbad8bb0ad922069b79ed5642dc824a3c492663c8f4fd299188f6716cb5971afab2add31993ec3957b6dc0707c4e829e894ea7e7400b89e16a0968e5504a9b983fdc6bcb4b5261b424993a0dcf4a70de610d38da5b527c29888d3415edbda336c9529294a0012a573f73bd05470f6089b4417de202f292a24e884ee7f0ae72ed07897fe217ae5c0908d12da4f240dbe264fbd15f6afda42aec9b4b70a43093e327ed387948e491d379a58d01d764b72da2e6e838a6467b375090fa825b5a959612b32343ce394d52f19b65172213688391262cd454d6e46e49f169a89e9557743ea5afee5fe29a854071c09c5172d3a037785a31010e0ccd2bc8a7f483b72d9c563da8321486ae320714352daa53d3ef6df1ae66a9f6372b095c2d4341b1341d50ff11d9a7fe616eb40c654a8b88929dc81af50297dc47db0a828b76cda523ff99442b97dd4ca44cf33a0f3a5e5eb6058a9d0007094f8c0f17fddbd0693264d058e358e3f72b529f74b8a519cc63e03a0f215595959407fc13c44d5ae177e95772b756b64a1978660b014731cb226019de83b1bc51572f2df5a50952cc90d8ca9e9a0935085794173c31c48f58bc979820149d8ec47307c8d74170ef69b87df252d3cb0db8a1aa5729493fd2aff005ae707503b94181398ebcea25076b59b284a006fecf2833f3a838f6096f728cb708040d419ca52799079572cf0e6377288422e1e4a011094b8b03e00c54be26c59f53680a7dd220882e28e93eb40d6c6f8e30dc25b5b5630f3eadc8256127fad5e5fca291f8ee3af5d2cadd51399598cf5ea7f70394556560a03fe11e29b71668b4ba716ca987fbf61d43697132410a4b8856e3535af8af8c1b7aedfee9b2bb27b24b4a484f892809ef1b8fb0b90483cf983420d20653a0fb2aaf96d672ee7f615412711c28a0075a2a532754a8829501cb30fcc48f3a61766fdaa9b748b4bff001dbc40720a9481d143ef27e63ce97d88baac8c0cc7ecf53d00fc2ab15bd074a5a70ae157aa4dc5bbd2949fb2db823d0823327e546b76cb0a6fb973bb2dc46551111f1ae364ac8320907cab16b27724fa9a0e9abcc7b06c2a4a0b41c3f75afac70f94c9cbee40a4cf685da13d89a8232f76c249cad8dced056799d0683414155b2dd4412468403ad05a5958b4d7d65dcc44a584985afa663f713d49f16f039d5bd8f68572dad642192d2db4b45828fab0d24939122644c9956e6668414a9d4d60a036e2771bbcb76576ae212ddba4a7e8ce2825d6f32b31ca4ffeaa2763f680de822bdac3406dc23da55d58a42254eb63ee2d5e1f69048f6207953030bedc59523ebd852173b24e64c759899f2a44d7940f6c7bb7065200b464b8a3ba9cf0a47b0d4d29788b8aeeaf1c2b79e59076466848f40207caa92bca0936166a7561b4948279ad494a47992a2001458de276d86c0b428babbfbefa932cb639a5a498cc48d0acf5d282c56507ffd9, 2, 12345, '2018-12-10', 45626);

-- --------------------------------------------------------

--
-- Table structure for table `image_report_relationship`
--

CREATE TABLE `image_report_relationship` (
  `report_relationship_id` int(11) NOT NULL,
  `image_id` int(11) NOT NULL,
  `report_id` int(11) NOT NULL
) ENGINE=InnoDB DEFAULT CHARSET=latin1;

--
-- Dumping data for table `image_report_relationship`
--

INSERT INTO `image_report_relationship` (`report_relationship_id`, `image_id`, `report_id`) VALUES
(1, 1, 2);

-- --------------------------------------------------------

--
-- Table structure for table `items`
--

CREATE TABLE `items` (
  `item_id` int(11) NOT NULL,
  `item_name` varchar(25) NOT NULL,
  `item_cost` float NOT NULL
) ENGINE=InnoDB DEFAULT CHARSET=latin1;

--
-- Dumping data for table `items`
--

INSERT INTO `items` (`item_id`, `item_name`, `item_cost`) VALUES
(1, 'Extra Goop', 10.5);

-- --------------------------------------------------------

--
-- Table structure for table `modality`
--

CREATE TABLE `modality` (
  `machine_id` int(11) NOT NULL,
  `machine_type_id` int(11) NOT NULL,
  `date_purchased` date NOT NULL,
  `time_between_checkups` time NOT NULL,
  `machine_information` varchar(20) NOT NULL,
  `next_maintainence_date` date NOT NULL,
  `available` varchar(30) NOT NULL,
  `machine_name` varchar(20) NOT NULL
) ENGINE=InnoDB DEFAULT CHARSET=latin1;

--
-- Dumping data for table `modality`
--

INSERT INTO `modality` (`machine_id`, `machine_type_id`, `date_purchased`, `time_between_checkups`, `machine_information`, `next_maintainence_date`, `available`, `machine_name`) VALUES
(1, 12346, '2018-10-16', '99:00:00', 'used for x-rays', '2019-09-12', 'True', 'x-ray'),
(2, 643543, '2018-06-26', '99:00:00', 'used for ct scans', '2019-10-25', 'False', 'CT Scanner'),
(3, 4654, '2019-03-15', '33:00:00', 'used for MRI', '2019-03-20', 'True', 'MRI Machine');

-- --------------------------------------------------------

--
-- Table structure for table `patient`
--

CREATE TABLE `patient` (
  `patient_id` int(11) NOT NULL,
  `first_name` varchar(30) NOT NULL,
  `last_name` varchar(30) NOT NULL,
  `date_of_birth` date NOT NULL,
  `sex` varchar(30) NOT NULL,
  `home_phone` int(11) NOT NULL,
  `email` varchar(30) NOT NULL,
  `insurance_number` int(11) NOT NULL,
  `policy_number` int(11) NOT NULL,
  `address_id` int(11) NOT NULL,
  `status` varchar(30) DEFAULT NULL,
  `patient_medications_list` varchar(30) DEFAULT NULL
) ENGINE=InnoDB DEFAULT CHARSET=latin1;

--
-- Dumping data for table `patient`
--

INSERT INTO `patient` (`patient_id`, `first_name`, `last_name`, `date_of_birth`, `sex`, `home_phone`, `email`, `insurance_number`, `policy_number`, `address_id`, `status`, `patient_medications_list`) VALUES
(3526, 'Kevin', 'Mitchell', '1950-01-01', 'Male', 1234567890, 'Yahoo@yahoo.com', 87654321, 12345678, 16, 'New Patient', NULL),
(12345, 'Darius', 'Fiallo', '2019-03-11', 'Male', 67855583, 'darius@ung.edu', 65436356, 98744567, 1, 'In progress', 'Antihistamine, Mebendazole'),
(18603, 'Kyle', 'Michael', '1994-11-16', 'Male', 1876543210, 'yahoorelevance@yahoo.com', 12345678, 87654321, 17, 'New Patient', NULL),
(19696, 'Testing', 'McGee', '1950-01-01', 'Male', 1234567890, 'Test@test.net', 12345678, 9876543, 19, 'New Patient', NULL),
(31710, 'Jojo', 'Bizarre', '1996-03-06', 'Male', 12345678, 'Testing@testTest.net', 12345678, 874654321, 22, 'New Patient', NULL),
(36725, 'Make', 'Sure', '1950-01-01', 'Male', 1234567890, 'ClosingTime@Test.net', 9876543, 123456789, 20, 'New Patient', NULL),
(44697, 'Kevin', 'Mitchell', '1996-03-21', 'Male', 678126987, 'testing@test.net', 1234567, 87654321, 21, 'New Patient', NULL),
(47284, 'Ben', 'Denton', '2019-03-11', 'Male', 578223442, 'DentonBen@ung.edu', 76435344, 13478987, 2, 'Checked in', 'Guaifenesin, Benylin');

-- --------------------------------------------------------

--
-- Table structure for table `procedures`
--

CREATE TABLE `procedures` (
  `procedure_id` int(6) NOT NULL,
  `procedure_name` varchar(20) NOT NULL,
  `procedure_length` int(11) NOT NULL,
  `procedure_price` float DEFAULT NULL
) ENGINE=InnoDB DEFAULT CHARSET=latin1;

--
-- Dumping data for table `procedures`
--

INSERT INTO `procedures` (`procedure_id`, `procedure_name`, `procedure_length`, `procedure_price`) VALUES
(1, 'x-ray', 1, NULL),
(2, 'ct scan', 3, NULL),
(3, 'MRI', 2, NULL);

-- --------------------------------------------------------

--
-- Table structure for table `procedure_relationship`
--

CREATE TABLE `procedure_relationship` (
  `procedure_relationship_id` int(11) NOT NULL,
  `procedure_id` int(11) NOT NULL,
  `image_id` int(11) NOT NULL
) ENGINE=InnoDB DEFAULT CHARSET=latin1;

--
-- Dumping data for table `procedure_relationship`
--

INSERT INTO `procedure_relationship` (`procedure_relationship_id`, `procedure_id`, `image_id`) VALUES
(1, 1, 1);

-- --------------------------------------------------------

--
-- Table structure for table `refer`
--

CREATE TABLE `refer` (
  `referring_id` int(11) NOT NULL,
  `employee_id` int(11) NOT NULL,
  `patient_id` int(11) NOT NULL,
  `procedure_id` int(11) NOT NULL,
  `is_processed` bit(1) NOT NULL DEFAULT b'0',
  `urgency` enum('Low','Medium','High','Emergency') NOT NULL,
  `reason_for_referral` varchar(1500) DEFAULT NULL,
  `special_comments` varchar(1500) DEFAULT NULL
) ENGINE=InnoDB DEFAULT CHARSET=latin1;

--
-- Dumping data for table `refer`
--

INSERT INTO `refer` (`referring_id`, `employee_id`, `patient_id`, `procedure_id`, `is_processed`, `urgency`, `reason_for_referral`, `special_comments`) VALUES
(1, 43552, 12345, 1, b'0', 'Low', NULL, NULL),
(2, 12442, 47284, 2, b'0', 'Low', NULL, NULL),
(3, 52546, 47284, 3, b'0', 'Medium', NULL, NULL),
(4, 43552, 12345, 3, b'0', 'Medium', NULL, NULL),
(6, 12442, 31710, 1, b'0', 'Emergency', 'This guy\'s leg is falling off. ', 'I lied. He doesn\'t have legs');

-- --------------------------------------------------------

--
-- Table structure for table `report`
--

CREATE TABLE `report` (
  `report_id` int(11) NOT NULL,
  `clinical_indication` varchar(20) NOT NULL,
  `exam` varchar(30) NOT NULL,
  `isotope` varchar(30) NOT NULL,
  `report_details` varchar(20) NOT NULL,
  `employee_id` int(11) NOT NULL
) ENGINE=InnoDB DEFAULT CHARSET=latin1;

--
-- Dumping data for table `report`
--

INSERT INTO `report` (`report_id`, `clinical_indication`, `exam`, `isotope`, `report_details`, `employee_id`) VALUES
(2, 'cancer', 'x-ray', '', 'It\'s terminal fam', 54382);

-- --------------------------------------------------------

--
-- Table structure for table `roles`
--

CREATE TABLE `roles` (
  `role_id` int(11) NOT NULL,
  `role_name` varchar(20) NOT NULL,
  `permissions` varchar(30) NOT NULL
) ENGINE=InnoDB DEFAULT CHARSET=latin1;

--
-- Dumping data for table `roles`
--

INSERT INTO `roles` (`role_id`, `role_name`, `permissions`) VALUES
(1, 'Refering Physician', 'Low'),
(2, 'Radiologist', 'High');

-- --------------------------------------------------------

--
-- Table structure for table `role_relationship`
--

CREATE TABLE `role_relationship` (
  `role_relationship_id` int(11) NOT NULL,
  `employee_id` int(11) NOT NULL,
  `role_id` int(11) NOT NULL
) ENGINE=InnoDB DEFAULT CHARSET=latin1;

--
-- Dumping data for table `role_relationship`
--

INSERT INTO `role_relationship` (`role_relationship_id`, `employee_id`, `role_id`) VALUES
(1, 12442, 1),
(2, 54382, 2),
(3, 43552, 1),
(4, 45626, 2),
(5, 52546, 1);

--
-- Indexes for dumped tables
--

--
-- Indexes for table `address`
--
ALTER TABLE `address`
  ADD PRIMARY KEY (`address_id`);

--
-- Indexes for table `appointments`
--
ALTER TABLE `appointments`
  ADD PRIMARY KEY (`appointment_id`),
  ADD KEY `patient_id` (`patient_id`),
  ADD KEY `machine_id` (`machine_id`),
  ADD KEY `procedure_id` (`procedure_id`),
  ADD KEY `employee_id` (`employee_id`);

--
-- Indexes for table `billing`
--
ALTER TABLE `billing`
  ADD PRIMARY KEY (`billing_id`),
  ADD KEY `fk_appt` (`appointment_id`),
  ADD KEY `fk_item` (`item_id`);

--
-- Indexes for table `employees`
--
ALTER TABLE `employees`
  ADD PRIMARY KEY (`employee_id`);

--
-- Indexes for table `employee_schedule`
--
ALTER TABLE `employee_schedule`
  ADD PRIMARY KEY (`schedule_id`),
  ADD KEY `fk_emp` (`employee_id`);

--
-- Indexes for table `image`
--
ALTER TABLE `image`
  ADD PRIMARY KEY (`image_id`),
  ADD KEY `patient_id` (`patient_id`),
  ADD KEY `machine_id` (`machine_id`),
  ADD KEY `employee_id` (`employee_id`);

--
-- Indexes for table `image_report_relationship`
--
ALTER TABLE `image_report_relationship`
  ADD PRIMARY KEY (`report_relationship_id`),
  ADD KEY `report_id` (`report_id`),
  ADD KEY `image_id` (`image_id`);

--
-- Indexes for table `items`
--
ALTER TABLE `items`
  ADD PRIMARY KEY (`item_id`);

--
-- Indexes for table `modality`
--
ALTER TABLE `modality`
  ADD PRIMARY KEY (`machine_id`);

--
-- Indexes for table `patient`
--
ALTER TABLE `patient`
  ADD PRIMARY KEY (`patient_id`),
  ADD KEY `address_id` (`address_id`);

--
-- Indexes for table `procedures`
--
ALTER TABLE `procedures`
  ADD PRIMARY KEY (`procedure_id`);

--
-- Indexes for table `procedure_relationship`
--
ALTER TABLE `procedure_relationship`
  ADD PRIMARY KEY (`procedure_relationship_id`),
  ADD KEY `procedure_id` (`procedure_id`),
  ADD KEY `image_id` (`image_id`);

--
-- Indexes for table `refer`
--
ALTER TABLE `refer`
  ADD PRIMARY KEY (`referring_id`),
  ADD KEY `employee_id` (`employee_id`),
  ADD KEY `patient_id` (`patient_id`),
  ADD KEY `procedure_id` (`procedure_id`);

--
-- Indexes for table `report`
--
ALTER TABLE `report`
  ADD PRIMARY KEY (`report_id`),
  ADD KEY `employee_id` (`employee_id`);

--
-- Indexes for table `roles`
--
ALTER TABLE `roles`
  ADD PRIMARY KEY (`role_id`);

--
-- Indexes for table `role_relationship`
--
ALTER TABLE `role_relationship`
  ADD PRIMARY KEY (`role_relationship_id`),
  ADD UNIQUE KEY `employee_id_2` (`employee_id`),
  ADD KEY `employee_id` (`employee_id`),
  ADD KEY `role_id` (`role_id`);

--
-- AUTO_INCREMENT for dumped tables
--

--
-- AUTO_INCREMENT for table `address`
--
ALTER TABLE `address`
  MODIFY `address_id` int(30) NOT NULL AUTO_INCREMENT, AUTO_INCREMENT=23;

--
-- AUTO_INCREMENT for table `appointments`
--
ALTER TABLE `appointments`
  MODIFY `appointment_id` int(11) NOT NULL AUTO_INCREMENT, AUTO_INCREMENT=25;

--
-- AUTO_INCREMENT for table `billing`
--
ALTER TABLE `billing`
  MODIFY `billing_id` int(11) NOT NULL AUTO_INCREMENT, AUTO_INCREMENT=4;

--
-- AUTO_INCREMENT for table `employee_schedule`
--
ALTER TABLE `employee_schedule`
  MODIFY `schedule_id` int(11) NOT NULL AUTO_INCREMENT, AUTO_INCREMENT=7;

--
-- AUTO_INCREMENT for table `image`
--
ALTER TABLE `image`
  MODIFY `image_id` int(11) NOT NULL AUTO_INCREMENT, AUTO_INCREMENT=3;

--
-- AUTO_INCREMENT for table `image_report_relationship`
--
ALTER TABLE `image_report_relationship`
  MODIFY `report_relationship_id` int(11) NOT NULL AUTO_INCREMENT, AUTO_INCREMENT=2;

--
-- AUTO_INCREMENT for table `items`
--
ALTER TABLE `items`
  MODIFY `item_id` int(11) NOT NULL AUTO_INCREMENT, AUTO_INCREMENT=2;

--
-- AUTO_INCREMENT for table `modality`
--
ALTER TABLE `modality`
  MODIFY `machine_id` int(11) NOT NULL AUTO_INCREMENT, AUTO_INCREMENT=4;

--
-- AUTO_INCREMENT for table `procedures`
--
ALTER TABLE `procedures`
  MODIFY `procedure_id` int(6) NOT NULL AUTO_INCREMENT, AUTO_INCREMENT=4;

--
-- AUTO_INCREMENT for table `procedure_relationship`
--
ALTER TABLE `procedure_relationship`
  MODIFY `procedure_relationship_id` int(11) NOT NULL AUTO_INCREMENT, AUTO_INCREMENT=2;

--
-- AUTO_INCREMENT for table `refer`
--
ALTER TABLE `refer`
  MODIFY `referring_id` int(11) NOT NULL AUTO_INCREMENT, AUTO_INCREMENT=7;

--
-- AUTO_INCREMENT for table `report`
--
ALTER TABLE `report`
  MODIFY `report_id` int(11) NOT NULL AUTO_INCREMENT, AUTO_INCREMENT=3;

--
-- AUTO_INCREMENT for table `roles`
--
ALTER TABLE `roles`
  MODIFY `role_id` int(11) NOT NULL AUTO_INCREMENT, AUTO_INCREMENT=3;

--
-- AUTO_INCREMENT for table `role_relationship`
--
ALTER TABLE `role_relationship`
  MODIFY `role_relationship_id` int(11) NOT NULL AUTO_INCREMENT, AUTO_INCREMENT=6;

--
-- Constraints for dumped tables
--

--
-- Constraints for table `appointments`
--
ALTER TABLE `appointments`
  ADD CONSTRAINT `appointments_ibfk_1` FOREIGN KEY (`patient_id`) REFERENCES `patient` (`patient_id`),
  ADD CONSTRAINT `appointments_ibfk_2` FOREIGN KEY (`machine_id`) REFERENCES `modality` (`machine_id`),
  ADD CONSTRAINT `appointments_ibfk_3` FOREIGN KEY (`procedure_id`) REFERENCES `procedures` (`procedure_id`),
  ADD CONSTRAINT `appointments_ibfk_4` FOREIGN KEY (`employee_id`) REFERENCES `employees` (`employee_id`);

--
-- Constraints for table `billing`
--
ALTER TABLE `billing`
  ADD CONSTRAINT `fk_appointment` FOREIGN KEY (`appointment_id`) REFERENCES `appointments` (`appointment_id`),
  ADD CONSTRAINT `fk_item_id` FOREIGN KEY (`item_id`) REFERENCES `items` (`item_id`);

--
-- Constraints for table `employee_schedule`
--
ALTER TABLE `employee_schedule`
  ADD CONSTRAINT `fk_emp` FOREIGN KEY (`employee_id`) REFERENCES `employees` (`employee_id`) ON UPDATE CASCADE;

--
-- Constraints for table `image`
--
ALTER TABLE `image`
  ADD CONSTRAINT `image_ibfk_1` FOREIGN KEY (`patient_id`) REFERENCES `patient` (`patient_id`),
  ADD CONSTRAINT `image_ibfk_2` FOREIGN KEY (`machine_id`) REFERENCES `modality` (`machine_id`),
  ADD CONSTRAINT `image_ibfk_3` FOREIGN KEY (`employee_id`) REFERENCES `employees` (`employee_id`),
  ADD CONSTRAINT `image_ibfk_4` FOREIGN KEY (`machine_id`) REFERENCES `modality` (`machine_id`),
  ADD CONSTRAINT `image_ibfk_5` FOREIGN KEY (`patient_id`) REFERENCES `patient` (`patient_id`);

--
-- Constraints for table `image_report_relationship`
--
ALTER TABLE `image_report_relationship`
  ADD CONSTRAINT `image_report_relationship_ibfk_1` FOREIGN KEY (`report_id`) REFERENCES `report` (`report_id`),
  ADD CONSTRAINT `image_report_relationship_ibfk_2` FOREIGN KEY (`image_id`) REFERENCES `image` (`image_id`);

--
-- Constraints for table `patient`
--
ALTER TABLE `patient`
  ADD CONSTRAINT `patient_ibfk_1` FOREIGN KEY (`address_id`) REFERENCES `address` (`address_id`);

--
-- Constraints for table `procedure_relationship`
--
ALTER TABLE `procedure_relationship`
  ADD CONSTRAINT `procedure_relationship_ibfk_1` FOREIGN KEY (`procedure_id`) REFERENCES `procedures` (`procedure_id`),
  ADD CONSTRAINT `procedure_relationship_ibfk_2` FOREIGN KEY (`image_id`) REFERENCES `image` (`image_id`);

--
-- Constraints for table `refer`
--
ALTER TABLE `refer`
  ADD CONSTRAINT `refer_ibfk_1` FOREIGN KEY (`employee_id`) REFERENCES `employees` (`employee_id`),
  ADD CONSTRAINT `refer_ibfk_2` FOREIGN KEY (`patient_id`) REFERENCES `patient` (`patient_id`),
  ADD CONSTRAINT `refer_ibfk_3` FOREIGN KEY (`procedure_id`) REFERENCES `procedures` (`procedure_id`);

--
-- Constraints for table `report`
--
ALTER TABLE `report`
  ADD CONSTRAINT `report_ibfk_1` FOREIGN KEY (`employee_id`) REFERENCES `employees` (`employee_id`);

--
-- Constraints for table `role_relationship`
--
ALTER TABLE `role_relationship`
  ADD CONSTRAINT `role_relationship_ibfk_1` FOREIGN KEY (`role_id`) REFERENCES `roles` (`role_id`),
  ADD CONSTRAINT `role_relationship_ibfk_2` FOREIGN KEY (`employee_id`) REFERENCES `employees` (`employee_id`);
COMMIT;

/*!40101 SET CHARACTER_SET_CLIENT=@OLD_CHARACTER_SET_CLIENT */;
/*!40101 SET CHARACTER_SET_RESULTS=@OLD_CHARACTER_SET_RESULTS */;
/*!40101 SET COLLATION_CONNECTION=@OLD_COLLATION_CONNECTION */;
